english_term,slovenian_term,ukranian_term,mean_hap,mean_ang,mean_sad,mean_fear
abduction,ugrabitev,викрадення,22.755741,73.903967,82.045929,85.803758
abortion,splav,аборт,26.51357,59.08142,77.870564,60.960334
absurd,absurdni,абсурд.,26.722338,40.709812,27.974948,27.557411
abundance,obilje,достаток,67.223382,25.887265,23.590814,23.799582
abuse,zloraba,зловживання,22.129436,87.265136,87.682672,82.254697
acceptance,sprejem,прийняття,77.661795,25.469729,29.853862,35.699374
accident,nesreča,нещасний випадок,22.129436,58.872651,75.365344,77.035491
ace,ace,туз.,63.674322,24.008351,22.129436,26.304802
ache,bolečina,болить.,25.26096,50.939457,57.411273,44.885177
achievement,dosežek,досягнення,91.649269,22.129436,23.799582,27.348643
activate,aktiviranje,активувати,39.665971,28.392484,26.096033,28.810021
addict,odvisnik,наркоман,24.425887,53.653445,66.597077,57.82881
addicted,zasvojeni,залежний,27.139875,57.202505,64.718163,63.674322
admired,občudoval,захоплений,83.716075,25.887265,25.469729,29.227557
adorable,ljubek,чарівний,85.386221,23.382046,24.425887,22.546973
adult,za odrasle,дорослий,53.235908,29.436326,33.194154,44.676409
advantage,prednost,перевага,70.563674,30.688935,26.304802,27.557411
adventure,pustolovščina,пригода,77.661795,22.546973,22.755741,46.555324
affection,naklonjenost,прихильність,89.14405,27.557411,32.359081,32.985386
afraid,strah,наляканий.,23.173278,44.676409,55.532359,93.94572
aggressive,agresivni,агресивний,36.534447,67.43215,39.457203,56.993737
agility,agilnost,спритність,65.762004,25.469729,22.338205,25.469729
agony,agonija,агонія,21.7119,50.939457,72.23382,56.5762
agreement,sporazum,угода,67.640919,27.76618,28.183716,27.557411
air,zrak,повітря,60.751566,22.546973,23.382046,25.26096
alcoholic,alkoholni,алкоголік,29.436326,63.465553,75.991649,64.926931
alert,opozorilo,тривога,42.588727,33.820459,28.392484,48.016701
alien,nezemljani,чужий,26.931106,30.688935,26.722338,50.521921
alimony,preživnina,аліменти,37.160752,45.929019,47.181628,38.622129
alive,živi,живим.,86.221294,23.799582,25.678497,28.810021
allergy,alergije,алергія,24.008351,43.632568,40.083507,37.995825
alley,ulica,алея,30.480167,26.931106,32.150313,61.795407
alone,sam,наодинці.,26.51357,38.413361,76.200418,68.893528
aloof,aloof,відсторонено,39.039666,30.271399,32.56785,31.31524
ambition,ambicije,амбіції,79.331942,26.722338,25.887265,35.490605
ambulance,reševalno vozilo,швидка допомога,25.887265,39.457203,69.93737,70.146138
angel,angel,ангел,94.989562,22.129436,26.304802,26.51357
anger,jeza,гнів,22.129436,92.693111,61.169102,54.488518
angry,jezno,злий.,24.425887,93.319415,59.08142,59.08142
anguished,tesnobno,страждає,24.843424,50.521921,66.179541,51.148225
ankle,gleženj,щиколотка,30.06263,25.678497,24.634656,26.51357
annoy,moti,дратувати,22.338205,72.860125,35.908142,34.655532
answer,odgovor,відповідь,49.060543,29.645094,28.183716,31.31524
anxious,tesnobni,занепокоєний,43.841336,35.908142,37.578288,55.323591
applause,aplavz,оплески,83.08977,23.173278,23.799582,25.26096
appliance,naprave,прилад,34.029228,26.931106,24.634656,25.887265
arm,roka,рука,38.204593,25.678497,22.755741,24.425887
army,vojska,армія,37.787056,49.060543,53.235908,65.344468
aroused,vzbudil,збуджений,88.726514,22.964509,23.173278,30.688935
arrogant,arogantni,зарозумілий,26.096033,65.553236,34.655532,33.611691
art,umetnost,мистецтво,71.607516,36.325678,39.248434,32.776618
assassin,assassin,вбивця,22.129436,72.442589,56.367432,75.991649
assault,napad,напад,22.755741,80.584551,71.816284,83.507307
astonished,začuden,здивований,44.885177,26.304802,25.887265,31.524008
astronaut,astronavt,астронавт,59.707724,23.173278,29.227557,42.379958
athletics,atletika,легка атлетика,84.551148,39.874739,36.951983,32.56785
autumn,jesen,осінь,78.079332,25.26096,34.655532,25.26096
avalanche,lavinski plaz,лавина,25.678497,46.555324,60.334029,81.002088
avenue,avenue,проспект,40.292276,23.590814,24.008351,24.634656
awed,navdušen,злякався.,71.398747,26.931106,30.897704,29.227557
baby,dojenček,крихітка,92.693111,24.634656,28.810021,35.908142
bake,speči,пекти,67.43215,25.052192,23.799582,25.678497
bandage,povoj,пов'язка,27.76618,31.31524,42.17119,43.006263
bankrupt,v stečaju,банкрут.,23.173278,58.663883,64.091858,64.091858
banner,banner,банер,46.346555,27.139875,26.51357,26.51357
bar,bar,бар,64.926931,33.194154,34.029228,34.655532
barrel,sod,бочка,29.018789,26.096033,26.096033,29.227557
basket,košarica,кошик,43.215031,22.964509,24.843424,23.590814
bastard,bastard,падлюка.,24.843424,77.870564,53.653445,38.622129
bath,kopel,ванна,81.628392,24.634656,25.887265,24.634656
bathroom,kopalnica,ванна кімната,36.325678,25.887265,24.008351,29.436326
bathtub,kopalna kad,ванна,55.741127,23.382046,25.26096,26.304802
beach,plaža,пляж,93.110647,24.217119,27.76618,29.018789
beast,beast,звір,25.887265,43.006263,34.446764,65.553236
beautiful,čudovita,прекрасний,94.154489,25.469729,27.557411,27.348643
beauty,lepota,краса,92.275574,30.271399,30.688935,29.018789
bed,postelja,ліжко,86.638831,24.217119,36.325678,28.183716
bees,čebele,бджоли,32.150313,47.807933,29.018789,64.300626
beggar,berač,жебрак,23.799582,44.258873,72.025052,42.588727
bench,klop,лавка,30.271399,28.392484,27.139875,24.634656
bereavement,žalovanje,важка втрата,29.436326,38.413361,45.302714,34.446764
betray,izdati,зраджувати,22.546973,89.352818,75.782881,65.553236
beverage,pijača,напій,68.893528,25.26096,23.173278,23.382046
bird,ptica,птах,57.620042,23.382046,24.008351,25.678497
birthday,rojstni dan,день народження,96.242171,23.382046,27.348643,25.469729
black,črna,чорний,28.601253,57.202505,63.465553,60.960334
blackmail,izsiljevanje,шантаж,21.294363,79.123173,53.862213,62.63048
bland,brez okusa,м'який,27.139875,30.480167,35.908142,26.51357
blase,blase,блейз,30.897704,29.645094,32.776618,31.524008
blasphemy,bogokletje,богохульство,28.601253,57.82881,42.588727,40.083507
bless,blagoslov,Благословляю.,85.803758,21.920668,22.129436,21.294363
blind,slepi,сліпий,24.634656,49.478079,71.816284,64.091858
bliss,blaženost,блаженство,96.033403,23.173278,22.546973,23.799582
blister,blister,пухир,24.217119,52.400835,44.258873,43.215031
blond,blondinka,білявий,60.125261,28.392484,26.096033,24.634656
bloody,Bloody,кривавий,22.755741,57.411273,66.179541,77.035491
blossom,blossom,цвісти,82.672234,21.503132,24.425887,22.129436
blubber,blubber,жир,35.281837,35.490605,41.753653,36.11691
blue,modra,синій,55.323591,30.06263,57.620042,29.645094
board,odbor,дошка,29.645094,32.56785,28.810021,28.810021
body,telo,тіло,61.169102,34.864301,35.073069,32.985386
bold,krepko,сміливий,53.444676,36.951983,28.601253,35.281837
bomb,bomba,бомба,24.217119,75.574113,66.388309,82.045929
book,knjiga,книга,63.256785,41.753653,41.753653,38.830898
bored,dolgčas,нудьгую.,23.799582,40.292276,45.302714,29.227557
bottle,steklenica,пляшка,43.215031,32.359081,35.073069,33.611691
bouquet,šopek,букет,82.045929,22.129436,28.183716,22.338205
bowl,skleda,чаша,38.830898,26.096033,24.425887,24.425887
boxer,bokserji,боксер,40.91858,40.709812,28.810021,44.258873
boy,fant,хлопчик,62.421712,34.864301,35.699374,35.699374
brave,pogumni,хоробрий,72.442589,26.51357,25.26096,36.743215
breast,prsi,груди,62.63048,24.634656,27.348643,27.974948
breeze,vetrič,вітерець,75.365344,25.26096,25.678497,24.634656
bride,nevesta,наречена,89.561587,24.008351,30.897704,30.06263
bright,svetlo,яскравий,79.123173,25.887265,23.590814,23.799582
broken,zlomljena stran,зламаний,23.799582,60.334029,67.43215,50.313152
brother,brother,брат,75.574113,43.006263,35.908142,31.31524
brutal,brutalno,жорстокий,24.217119,76.200418,62.421712,68.475992
building,stavba,будівля,34.864301,25.887265,24.843424,29.227557
bullet,krogla,куля,23.799582,58.455115,55.323591,73.695198
bunny,zajček,Зайчик.,74.947808,25.26096,27.348643,26.722338
burdened,obremenjeni,обтяжений,23.799582,59.916493,61.795407,47.599165
burial,pokop,поховання,23.799582,42.588727,86.430063,55.532359
burn,opekline,горіти,24.008351,58.455115,51.356994,67.43215
bus,avtobus,автобус,32.776618,30.480167,26.096033,29.853862
busybody,zavzeti,заклопотана людина.,40.501044,37.995825,35.281837,32.985386
butter,maslo,масло,42.588727,25.678497,25.678497,25.26096
butterfly,metulj,метелик,84.34238,24.008351,27.139875,25.887265
cabinet,omara,шафа,31.106472,26.096033,25.469729,26.722338
cake,torta,торт,81.419624,27.348643,29.436326,24.425887
cancer,rak,рак,21.7119,61.795407,84.133612,78.914405
candy,sladkarije,цукерки.,83.924843,24.634656,23.382046,24.008351
cane,trsje,очерет,28.392484,31.732777,45.720251,31.732777
cannon,topovi,гармата,29.853862,44.885177,33.820459,54.488518
capable,sposoben,здібний,71.398747,27.348643,28.183716,32.56785
car,avto,машина,74.947808,34.029228,30.271399,40.083507
carcass,trup,туша,23.590814,39.039666,54.697286,53.02714
carefree,brezskrbno,безтурботним.,79.123173,23.382046,23.382046,25.887265
caress,božanje,пестощі,87.265136,21.920668,27.348643,24.217119
cash,denar,готівка,86.221294,33.402923,32.359081,34.237996
casino,casino,казино,64.509395,34.446764,33.820459,35.073069
cat,cat,кішка,58.455115,30.271399,26.304802,31.732777
cell,celica,клітина,47.807933,35.490605,33.611691,35.073069
cellar,klet,підвал,26.304802,32.985386,36.325678,52.192067
cemetery,pokopališče,кладовище,25.052192,44.676409,87.056367,63.048017
chair,stol,крісло,35.490605,23.590814,23.590814,25.052192
champ,prvak,чемпіон,86.012526,25.052192,25.887265,24.634656
champion,prvak,чемпіон,91.858038,26.096033,26.722338,25.469729
chance,priložnost,шанс,62.004175,31.732777,34.655532,46.97286
chaos,kaos,хаос,27.557411,50.521921,32.985386,49.895616
charm,čar,чарівність,79.54071,25.887265,23.382046,25.052192
cheer,Navijajte,аплодисменти,91.440501,21.7119,24.425887,22.546973
child,otrok,дитина,85.803758,26.931106,31.31524,32.776618
chin,brada,підборіддя,30.06263,24.634656,26.51357,26.931106
chocolate,čokolada,шоколад,91.440501,24.217119,29.018789,24.843424
christmas,božič,різдвяний,97.286013,26.096033,32.150313,23.799582
church,cerkev,церква,71.398747,26.931106,29.436326,32.359081
circle,krog,коло,41.127349,23.799582,25.052192,25.052192
circus,cirkus,цирк,73.277662,25.887265,29.645094,34.237996
city,mesto,місто,65.762004,29.227557,26.931106,37.36952
cliff,skala,скеля,32.150313,29.853862,34.029228,65.553236
clock,ura,годинник,31.31524,27.348643,28.810021,29.227557
clothing,oblačila,одяг,79.54071,31.732777,30.06263,26.722338
clouds,oblaki,хмари,71.189979,28.810021,31.524008,28.810021
clumsy,neroden,незграбний,36.325678,45.093946,37.787056,35.490605
coarse,grobo,грубий,26.304802,37.160752,30.06263,28.183716
coast,obala,узбережжя,70.563674,25.469729,26.722338,31.31524
cockroach,ščurki,тарган,21.503132,45.720251,37.160752,65.553236
coffin,krsta,труна,24.008351,44.885177,86.638831,72.651357
coin,kovanec,монета,46.764092,25.052192,23.799582,23.382046
cold,hladno,холодний,30.688935,46.137787,46.555324,39.248434
color,barva,колір,72.442589,27.974948,30.06263,29.645094
column,stolpec,колонка,27.557411,25.469729,26.096033,26.096033
comedy,komedija,комедія,92.901879,25.26096,23.382046,22.546973
comfort,comfort,комфорт,87.891441,21.920668,25.887265,25.052192
computer,računalnik,комп'ютер,56.158664,38.413361,26.931106,29.853862
concentrate,koncentrat,концентрат,36.743215,38.204593,29.853862,26.931106
confident,samozavestno,впевнений у собі,79.749478,25.469729,25.26096,26.931106
confused,zmeden,збентежений.,24.425887,48.434238,47.599165,43.841336
consoled,potolažil,заспокоєний.,65.344468,30.271399,49.895616,32.56785
contempt,prezir,презирство,37.578288,50.521921,34.446764,38.830898
contents,vsebina,зміст,31.732777,23.799582,23.382046,26.931106
context,kontekst,контекст,29.018789,26.304802,25.052192,25.469729
controlling,nadzor .,контролювати,27.348643,58.872651,41.544885,45.720251
cook,kuhar,куховарити,62.212944,28.183716,25.052192,27.139875
cord,kabel,шнур,33.611691,29.645094,24.843424,27.76618
cork,pluta,пробка,45.720251,23.799582,23.173278,23.590814
corner,vogal,куточок,27.76618,28.810021,33.611691,33.402923
corpse,truplo,труп,23.590814,44.467641,69.102296,66.805846
corridor,hodnik,коридор,26.931106,25.26096,27.974948,34.029228
corrupt,pokvarjeni,корумпований,24.634656,62.63048,49.686848,49.895616
cottage,koča,котедж,70.772443,23.590814,27.348643,24.008351
couple,par,пара,84.551148,30.06263,33.820459,33.611691
cow,krava,корова,50.521921,27.348643,28.392484,30.271399
coward,strahopetec,боягуз.,22.755741,50.313152,50.521921,56.784969
cozy,udobno,затишна,92.275574,24.217119,24.634656,23.382046
crash,crash,аварія,24.843424,58.872651,70.563674,75.991649
crime,kriminal,злочин,22.755741,74.321503,70.146138,74.73904
criminal,kazenski,злочинець,21.503132,69.311065,57.620042,74.112735
crisis,kriza,криза,21.294363,52.609603,70.146138,79.749478
crown,krona,корона,75.365344,27.348643,24.008351,26.304802
crucify,križanje,розіп'яти,25.052192,71.398747,78.914405,68.267223
crude,surova,сирий,24.217119,52.400835,41.336117,36.11691
cruel,kruto,жорстокий,22.129436,79.958246,72.025052,66.179541
crushed,zdrobljen,розчавлений,22.338205,54.906054,76.826722,50.313152
crutch,berilo,милиця,24.634656,42.17119,48.434238,40.083507
cuddle,objemanje,обійматися,92.066806,22.338205,26.931106,24.008351
cuisine,kuhinja,кухня,76.826722,24.425887,22.129436,24.008351
curious,radoveden,допитливий.,50.521921,30.271399,27.76618,33.194154
curtains,zavese,штори,33.820459,22.755741,25.26096,24.008351
custom,po meri,звичай,46.137787,25.26096,26.722338,24.634656
cut,rez,вирізати,23.173278,58.663883,53.235908,63.674322
cute,cute,милий,91.649269,23.382046,24.634656,22.755741
cyclone,ciklon,циклон,30.271399,46.346555,48.851775,68.893528
dagger,dagger,кинджал,24.425887,55.114823,46.137787,71.607516
damage,škoda,пошкодження,27.76618,73.068894,63.88309,56.993737
dancer,plesalka,танцівниця,70.981211,26.304802,26.304802,25.469729
danger,nevarnost,небезпека,26.304802,48.434238,49.895616,85.386221
dark,temno,темний,37.787056,34.237996,45.302714,64.091858
dawn,zora,світанок,69.519833,26.096033,29.018789,27.348643
daylight,dnevna svetloba,денне світло,84.133612,25.678497,24.008351,21.920668
dazzle,osupljivost,сліпучість,77.453027,23.590814,23.382046,22.755741
dead,mrtvi,мертвий.,26.931106,50.521921,73.277662,66.179541
death,smrt,смерть,26.096033,65.970772,91.858038,82.045929
debt,dolg,борг,22.546973,63.88309,69.728601,73.695198
deceit,prevara,обман,24.008351,73.48643,61.169102,53.653445
decompose,razgraditi,розкладаються,23.590814,25.887265,35.908142,32.985386
decorate,okrasite,прикрашати,75.365344,22.546973,25.052192,23.590814
defeated,premagan,переможений,24.634656,70.772443,67.014614,49.686848
defiant,izzivalno,зухвалий,34.446764,54.697286,40.292276,40.709812
deformed,deformiran,деформований,23.382046,44.676409,68.68476,50.730689
delayed,zamujeno,відкладений,24.634656,49.060543,32.985386,36.534447
delight,užitek,захоплення,98.121086,22.755741,23.590814,23.590814
demon,demon,демон,22.129436,64.926931,53.235908,79.958246
dentist,zobozdravnik,стоматолог,36.325678,32.150313,31.31524,53.653445
depressed,depresija,пригнічений,21.7119,56.784969,90.187891,64.718163
depression,depresija,депресія,22.546973,60.334029,90.39666,68.267223
derelict,zapuščena,занедбаний,28.810021,34.237996,34.237996,34.029228
deserter,dezerter,дезертир,23.173278,62.63048,53.653445,50.939457
desire,želja,бажання,80.167015,33.820459,30.688935,31.941545
despairing,v obupu,у відчаї,24.634656,45.093946,68.893528,50.104384
despise,prezira,зневажати,22.546973,78.079332,51.565762,43.632568
destroy,uničiti,знищувати,23.590814,75.574113,66.597077,67.014614
destruction,uničenje,знищення,25.052192,79.331942,69.728601,64.300626
detached,samostojno,відокремлено,25.469729,43.006263,57.82881,51.77453
detail,podrobnosti,деталь,45.511482,31.106472,26.096033,26.722338
detest,sovražijo,ненавидіти,22.755741,61.795407,38.204593,40.292276
devil,hudič,диявол,20.876827,73.695198,59.707724,77.870564
devoted,predani,відданий,76.200418,23.382046,26.51357,28.183716
diamond,diamant,діамант,86.638831,25.887265,26.722338,23.382046
dignified,dostojanstveno,гідний,71.607516,23.382046,23.799582,25.052192
dinner,večerja,вечеря,76.826722,25.052192,23.590814,24.008351
diploma,diploma,диплом,88.517745,22.546973,28.601253,31.941545
dirt,umazanija,бруд,32.985386,33.194154,30.480167,29.645094
dirty,umazan,брудний,26.722338,48.016701,40.501044,40.501044
disappoint,razočarati,розчаровувати,24.425887,55.741127,70.146138,55.114823
disaster,nesreča,катастрофа,22.338205,66.597077,81.419624,76.409186
discomfort,nelagodje,дискомфорт,22.338205,57.411273,55.741127,48.643006
discouraged,odvrača,розчарований,22.755741,57.82881,66.179541,46.555324
disdainful,prezirljiv,презирливо,26.931106,48.643006,44.885177,38.413361
disgusted,oduren,огидно,24.634656,45.093946,41.127349,40.501044
disloyal,nelojalni,нелояльний,22.129436,75.574113,63.256785,52.818372
displeased,nezadovoljen,незадоволений,21.503132,61.795407,50.939457,39.248434
distressed,v stiski,розгублений,24.008351,58.037578,64.091858,55.532359
disturb,moti,турбувати,22.755741,63.88309,36.743215,38.204593
diver,potapljač,дайвер,47.807933,26.51357,26.51357,39.248434
divorce,razveza zakonske zveze,розлучення,21.294363,73.48643,84.133612,69.519833
doctor,zdravnik,лікар,57.202505,36.534447,36.743215,56.993737
dog,pes,собака,84.34238,27.974948,33.194154,29.436326
doll,lutka,лялька,60.542797,26.096033,28.392484,28.392484
dollar,dolar,долар,72.23382,26.931106,25.26096,28.392484
door,vrata,двері,36.11691,31.941545,29.436326,32.150313
dove,golob,голуб,74.321503,22.755741,26.304802,22.755741
dreadful,grozno,жахливо.,24.843424,47.807933,63.256785,61.795407
dream,sanje,мріяти,82.881002,32.150313,37.160752,37.995825
dreary,srhljiva,похмурий.,25.26096,34.237996,70.772443,36.11691
dress,obleka,сукня,65.553236,25.26096,24.634656,25.26096
drown,utopiti,потонути,22.546973,54.906054,79.54071,87.682672
dummy,navidezni,манекен.,26.51357,38.413361,47.181628,33.402923
dump,smetišče,звалище,22.964509,52.400835,59.707724,47.390397
dustpan,posoda za smeti,совок,24.425887,24.008351,23.173278,23.799582
earth,zemlja,земля,75.574113,35.490605,41.127349,40.292276
easy,enostavno,легко,81.837161,23.173278,24.008351,24.843424
easygoing,lahkoten,безтурботний,83.08977,23.799582,23.799582,23.799582
eat,jesti,їсти,78.2881,35.073069,36.534447,35.699374
ecstasy,ekstaza,екстаз,85.177453,27.974948,27.348643,37.578288
education,izobraževanje,освіта,79.749478,30.271399,26.931106,31.31524
egg,jajca,яйце,38.830898,24.425887,23.799582,24.843424
elated,elated,радісний.,82.045929,25.469729,24.843424,24.425887
elbow,komolec,лікоть,30.06263,25.678497,25.678497,26.51357
elegant,eleganten,елегантний,72.23382,24.008351,25.26096,22.546973
elevator,dvigalo,ліфт,31.31524,24.008351,24.008351,35.073069
embarrassed,v zadregi,збентежений,26.51357,54.488518,59.498956,63.465553
embattled,spopadel,з боєм,27.139875,47.390397,43.841336,54.906054
employment,zaposlovanje,працевлаштування,74.73904,41.753653,35.490605,44.467641
engaged,vključeni,заручений,90.39666,26.722338,27.348643,46.346555
engine,motor,двигун,33.611691,25.26096,23.799582,27.348643
enjoyment,uživanje,насолода,94.989562,21.503132,22.129436,22.546973
ennui,ennui,нудьга,28.183716,28.183716,27.139875,28.810021
enraged,razjarjeni,розлючений,21.503132,87.265136,45.302714,54.070981
erotic,erotični,еротичний,76.409186,25.887265,23.590814,27.348643
errand,Pošiljka,доручення,36.325678,35.281837,26.931106,25.26096
event,dogodek,подія,54.697286,29.645094,30.688935,28.810021
evil,zlo,злий,21.503132,79.749478,62.004175,82.672234
excellence,odličnost,досконалість,93.736952,24.008351,24.008351,26.722338
excitement,navdušenje,хвилювання,95.19833,26.096033,23.590814,28.392484
excuse,opravičilo,привід,33.402923,45.302714,32.56785,33.402923
execution,izvajanje,виконання,23.382046,68.68476,75.156576,71.816284
exercise,vadba,вправа,73.48643,32.985386,30.688935,31.941545
fabric,tkanina,тканина,41.544885,25.26096,25.26096,24.008351
face,obraz,обличчя,65.135699,38.413361,41.753653,38.830898
failure,neuspeh,невдача,23.799582,76.409186,84.759916,81.419624
fall,jesen,осінь,55.114823,31.524008,31.31524,35.699374
false .,lažno .,неправда.,25.469729,54.697286,44.050104,41.753653
fame,slava,слава,75.365344,27.139875,26.304802,29.645094
family,družina,сім'я,96.242171,30.688935,31.31524,25.887265
famous,slavni,відомий,69.311065,27.139875,25.26096,25.052192
fantasy,fantazija,фантазія,84.968685,24.843424,27.348643,26.096033
farm,kmetija,ферма,52.609603,27.139875,30.271399,29.436326
fascinate,očarati,зачаровувати,76.409186,27.139875,26.096033,30.06263
fat,maščobe,жир,29.645094,55.949896,66.388309,59.290188
father,oče,батько,79.123173,33.820459,36.951983,31.106472
fatigued,utrujeni,втомлений,29.018789,35.490605,42.379958,31.106472
fault,napaka,помилка,24.843424,55.532359,45.302714,50.521921
favor,naklonjenost,послугу,65.970772,27.139875,23.799582,26.096033
fear,strah,страх,23.382046,47.390397,52.609603,91.231733
fearful,strah,наляканий,23.173278,47.181628,51.565762,88.517745
feeble,šibka,слабкий,31.106472,34.655532,42.379958,33.611691
festive,praznični,святковий,89.770355,26.096033,27.139875,26.096033
fever,vročina,лихоманка,22.964509,41.753653,51.356994,45.720251
field,polje,поле,50.104384,25.469729,26.304802,27.76618
fight,boj,битися,30.06263,77.244259,57.620042,64.509395
filth,umazanija,бруд,26.096033,50.939457,50.313152,44.467641
finger,prst,палець,40.083507,28.810021,27.139875,27.348643
fire,ogenj,вогонь,28.810021,52.818372,61.377871,73.695198
fireworks,ognjemet,феєрверки,76.826722,25.26096,24.008351,36.534447
fish,ribe,риба,53.444676,23.799582,27.557411,28.183716
flabby,ohlapen,в'ялий,27.348643,40.292276,49.686848,45.511482
flag,zastava,прапор,65.344468,29.645094,33.194154,30.06263
flirt,flirt,фліртувати,79.958246,30.897704,27.974948,29.436326
flood,poplave,повінь,24.425887,50.521921,76.409186,70.772443
flower,cvetje,квітка,76.617954,26.096033,28.810021,25.26096
foam,pena,піна,38.830898,24.425887,24.634656,26.722338
food,hrana,їжа,78.2881,30.688935,26.304802,27.348643
foot,stopalo,нога,34.029228,27.557411,26.51357,27.974948
fork,vilice,вилка,34.655532,25.469729,24.634656,27.974948
foul,foul,нечесно.,26.096033,55.741127,36.11691,39.457203
fragrance,dišave,аромат,79.54071,26.51357,30.480167,24.008351
fraud,goljufija,шахрайство,23.799582,64.091858,47.599165,46.137787
free,brezplačno,вільний,91.022965,24.008351,24.008351,27.76618
freedom,svoboda,свобода,92.275574,26.722338,29.853862,35.281837
friend,prijatelj,друг,94.572025,28.392484,31.106472,27.348643
friendly,prijazno,привітний,95.824635,23.382046,22.755741,22.755741
frigid,frigidni,фригідний,26.304802,40.709812,42.588727,47.181628
frog,žaba,жаба,45.511482,24.843424,26.096033,29.018789
frustrated,frustrirani,розчарований,20.876827,81.002088,49.895616,46.764092
fun,zabavno,веселий,97.286013,21.7119,22.338205,23.382046
funeral,pogreb,похорон,22.338205,57.411273,93.94572,66.597077
fungus,glive,грибок,24.425887,31.106472,30.271399,37.995825
fur,krzno,хутро,52.818372,33.611691,37.160752,29.436326
game,igra,гра,73.695198,39.457203,33.194154,30.688935
gangrene,gangrena,гангрена,23.173278,39.665971,52.192067,60.334029
garbage,smeti,сміття,23.173278,36.951983,30.480167,32.359081
garden,vrt,сад,71.398747,24.425887,23.382046,23.382046
garment,oblačila,одяг,48.22547,27.557411,26.51357,25.052192
garter,podvezice,підв'язка,61.795407,25.887265,23.382046,25.887265
gender,spol,стать,54.070981,30.271399,29.436326,27.348643
gentle,nežen,ніжний,82.463466,25.052192,27.974948,25.052192
germs,mikrobi,мікроби,25.678497,35.490605,38.413361,58.037578
gift,darilo,подарунок,95.19833,24.843424,24.843424,27.139875
girl,dekle,дівчинка,76.826722,32.56785,36.325678,34.029228
glacier,ledenik,льодовик,36.951983,25.052192,27.139875,42.17119
glamour,glamur,гламур,69.102296,26.722338,26.304802,25.26096
glass,steklo,скло,39.457203,28.392484,29.436326,38.413361
gloom,mrak,похмурість,24.008351,39.665971,71.398747,41.127349
glory,slava,слава,87.265136,26.931106,26.51357,27.348643
god,bog,Боже.,81.837161,28.810021,29.436326,39.457203
gold,zlato,золото,75.365344,24.425887,22.964509,22.546973
golfer,golfist,гольфіст,69.728601,31.31524,26.51357,24.217119
good,dobro,добре,92.275574,24.425887,23.799582,25.26096
gossip,govorice,плітки,29.018789,71.816284,53.02714,44.676409
graduate,podiplomski študij,випускник,88.517745,23.590814,37.578288,45.302714
grass,trava,трава,58.246347,26.096033,23.590814,24.425887
grateful,hvaležen,вдячний,84.759916,23.590814,24.634656,21.085595
greed,pohlep,жадібність,29.436326,65.553236,55.949896,47.390397
green,zelena,зелений,65.344468,22.964509,24.425887,22.338205
greet,pozdrav,привіт,73.48643,25.887265,25.26096,28.810021
grenade,granata,граната,22.964509,64.091858,55.532359,75.156576
grief,žalovanje,горе,23.173278,53.235908,85.177453,50.313152
grime,grime,бруд,22.546973,38.830898,30.688935,37.995825
grin,nasmeh,усмішка,86.430063,27.557411,25.26096,27.139875
gripe,gripe,скаржитися,23.590814,55.949896,39.874739,32.56785
guillotine,giljotina,гільйотина,22.546973,56.367432,56.784969,67.014614
guilty,krivda,винен.,22.546973,55.741127,63.256785,58.455115
gun,pištola,пістолет,25.887265,63.048017,60.125261,79.958246
gymnast,telovadnica,гімнастка,59.707724,24.634656,25.26096,34.237996
habit,navada,звичка,40.709812,38.204593,32.56785,34.237996
hairdryer,sušilnik za lase,фен,39.248434,29.645094,23.799582,26.304802
hairpin,lasni vložek,шпилька,31.31524,25.678497,24.843424,24.843424
hamburger,hamburger,гамбургер,61.586639,24.634656,24.008351,25.26096
hammer,kladivo,молоток,27.348643,37.995825,26.722338,33.402923
hand,ročno,рука,40.292276,26.304802,25.678497,25.678497
handicap,invalidi,гандикап,25.26096,41.753653,69.519833,48.643006
handsome,privlačen,гарний.,88.726514,24.425887,23.173278,27.139875
haphazard,naključno,безсистемний,28.183716,44.467641,36.325678,50.521921
happy,srečno,щасливий,97.703549,22.546973,24.425887,23.173278
hard,hard,важко,34.446764,46.346555,36.534447,46.137787
hardship,težave,труднощі,23.382046,59.290188,70.146138,60.751566
hat,klobuk,капелюх,45.511482,24.008351,24.008351,23.799582
hate,sovraštvo,ненависть,21.294363,84.759916,67.640919,66.388309
hatred,sovraštvo,ненависть,23.173278,87.682672,70.563674,68.893528
hawk,jastreb,яструб,40.083507,25.052192,23.799582,37.995825
hay,seno,сіно,36.11691,23.799582,23.382046,24.425887
headache,glavobol,головний біль,21.920668,59.498956,50.521921,45.302714
headlight,žarometi,фара,39.248434,31.941545,29.436326,36.951983
heal,ozdraviti,вилікувати,79.331942,25.678497,28.392484,29.436326
health,zdravje,здоров'я,88.308977,34.864301,39.248434,46.555324
heart,srce,серце,77.453027,28.810021,36.325678,31.941545
heaven,nebesa,Небеса,95.407098,24.008351,27.76618,32.776618
hell,pekel,Пекло.,24.008351,67.43215,68.68476,80.584551
helpless,nemočni,безпорадним,22.755741,57.202505,74.947808,64.509395
heroin,heroin,героїн,33.402923,55.741127,57.82881,60.334029
hide,skriti,ховатися,29.227557,32.776618,39.665971,60.751566
highway,avtocesta,шосе,44.467641,33.611691,29.227557,34.029228
hinder,ovira,заважати,29.227557,54.488518,50.313152,46.555324
history,zgodovina,історія,41.753653,31.31524,35.699374,32.150313
hit,zadetek,хіт,32.56785,67.43215,52.818372,58.037578
holiday,počitnice,свято,97.494781,24.634656,30.271399,25.052192
home,Domov,додому,85.59499,29.645094,36.11691,27.557411
honest,pošten,чесний,83.08977,27.139875,28.392484,31.941545
honey,med,любий.,67.640919,23.799582,25.052192,23.382046
honor,čast,честь,86.638831,27.139875,27.974948,27.974948
hooker,prostitutka,повія,26.931106,39.457203,55.114823,36.11691
hope,upanje,надія,84.968685,22.964509,28.183716,27.557411
hopeful,z upanjem,з надією,86.430063,26.096033,32.776618,30.688935
horror,grozljivka,жах,24.634656,43.006263,43.4238,79.749478
horse,konj,кінь,58.037578,24.425887,24.634656,31.524008
hospital,bolnišnica,лікарня,30.06263,37.36952,69.311065,69.102296
hostage,talci,заручник,24.008351,58.246347,58.872651,70.772443
hostile,sovražno,ворожий,22.964509,79.958246,48.22547,62.004175
hotel,hotel,готель,60.960334,26.096033,29.227557,28.392484
house,hiša,будинок,66.179541,24.843424,26.931106,24.008351
hug,objem,Обійми,90.187891,23.382046,29.018789,24.217119
humane,humane,гуманний,59.290188,24.425887,25.678497,25.678497
humble,skromen,скромний,65.344468,27.557411,32.985386,27.557411
humiliate,ponižati,принизити,24.425887,76.200418,77.035491,69.311065
humor,humor,гумор,93.319415,24.008351,25.469729,24.843424
hungry,lačni,голодний,29.853862,36.325678,40.91858,30.688935
hurricane,orkan,ураган,22.338205,60.542797,80.584551,77.661795
hurt,poškodovani,боляче,23.173278,68.475992,75.991649,66.805846
hydrant,hidrant,гідрант,33.820459,24.217119,24.425887,24.843424
icebox,ledena skrinja,морозильна камера,38.204593,26.722338,27.974948,30.06263
idea,ideja,ідея,63.88309,27.557411,27.76618,27.557411
identity,identiteta,ідентичність,51.565762,29.436326,27.76618,32.985386
idiot,idiot,Ідіот.,27.974948,48.22547,41.127349,33.611691
idol,idol,кумир,60.960334,28.392484,31.941545,29.645094
ignorance,nevednost,невігластво,26.722338,64.718163,54.488518,46.555324
illness,bolezen,хвороба,23.173278,52.192067,68.475992,68.475992
imagine,Predstavljajte si,Уявіть собі.,74.73904,24.634656,26.304802,32.56785
immature,nezrela,незрілий,31.106472,54.488518,33.194154,30.480167
immoral,nemoralno,аморальний,25.26096,56.158664,49.060543,42.379958
impair,oslabitev,погіршувати,24.634656,45.929019,48.643006,48.22547
impotent,impotentni,імпотент,25.678497,42.588727,49.686848,44.676409
impressed,navdušen,вражений,76.409186,24.634656,22.964509,27.139875
improve,izboljšati .,вдосконалюватися,82.672234,26.931106,26.096033,30.688935
incentive,spodbuda,стимул,74.112735,27.974948,26.096033,29.645094
indifferent,brezbrižno,байдужий,33.611691,36.11691,34.864301,32.359081
industry,industrija,індустрія,39.457203,33.611691,30.897704,29.436326
infant,dojenček,немовля,77.870564,25.052192,23.799582,31.732777
infatuation,zaljubljenost,захоплення,63.674322,32.985386,31.732777,34.029228
infection,okužba,інфекція,23.590814,49.895616,59.08142,72.442589
inferior,inferiorni,нижчий,25.052192,57.620042,49.060543,44.885177
inhabitant,prebivalec,мешканець,35.908142,24.008351,25.469729,26.722338
injury,poškodbe,травма,24.425887,50.521921,61.169102,57.620042
ink,črnilo,чорнило,35.281837,26.51357,24.008351,24.843424
innocent,nedolžna,невинний.,66.179541,28.601253,31.106472,34.655532
insane,noro,божевільна.,23.799582,51.148225,57.202505,63.674322
insect,žuželke,комаха,32.985386,31.31524,26.51357,54.488518
insecure,negotovost,невпевнений у собі.,22.755741,44.676409,65.762004,62.212944
insolent,predrzni,нахабний,29.436326,42.17119,46.764092,40.292276
inspire,navdih,надихати,80.375783,24.008351,24.843424,23.799582
inspired,navdih,натхненний,84.551148,24.634656,24.634656,25.887265
insult,žalitev,образа,23.173278,73.068894,55.741127,45.302714
intellect,intelekt,інтелект,64.926931,28.183716,24.634656,27.557411
intercourse,spolni odnos,статевий акт,91.440501,23.590814,27.139875,34.237996
interest,obresti,інтерес,66.388309,29.645094,29.018789,31.106472
intimate,intimni,інтимний,87.473904,24.843424,29.853862,35.073069
intruder,vsiljivec,зловмисник,22.129436,73.48643,47.807933,80.375783
invader,invader,загарбник,22.338205,70.563674,50.104384,76.200418
invest,vlaganje,інвестувати,60.125261,27.557411,27.139875,41.962422
iron,železo,залізо,29.018789,31.732777,25.052192,29.645094
irritate,dražijo .,дратувати,24.217119,77.035491,40.91858,40.083507
item,postavka,пункт,33.611691,27.557411,25.887265,25.887265
jail,zapor,в'язниця,24.008351,67.849687,69.311065,74.947808
jealousy,ljubosumje,ревнощі,24.008351,71.398747,60.334029,53.862213
jelly,žele,желе,52.192067,23.173278,22.546973,23.173278
jewel,dragulj,коштовність,80.584551,24.008351,24.008351,22.755741
joke,šala,жарт.,87.265136,28.392484,24.425887,23.799582
jolly,veselo,веселий,96.242171,22.129436,23.590814,21.920668
journal,revija,журнал,48.22547,36.11691,41.544885,35.490605
joy,joy,радість,94.572025,22.338205,24.008351,22.546973
joyful,radostno,радісний,98.121086,22.129436,21.503132,20.876827
jug,vrč,глечик,31.732777,25.052192,24.008351,23.173278
justice,pravosodje,справедливість,74.73904,32.985386,31.106472,33.194154
kerchief,šal,хустка,31.31524,24.425887,28.183716,23.799582
kerosene,kerozin,гас,26.722338,36.951983,33.194154,44.258873
ketchup,kečap,кетчуп,44.467641,25.678497,25.26096,24.634656
kettle,čajnik,чайник,36.11691,25.887265,26.304802,27.557411
key,ključ,ключ,44.050104,27.76618,25.469729,26.096033
kick,kick,удар ногою,33.611691,49.060543,31.524008,37.160752
kids,otroci,діти,90.39666,34.446764,31.941545,37.160752
killer,ubijalec,вбивця,21.085595,87.265136,75.991649,89.979123
kind,prijazno,добрий,87.056367,23.173278,23.173278,21.503132
kindness,prijaznost,доброта,92.901879,22.129436,22.755741,21.294363
king,kralj,король,56.993737,29.436326,25.052192,34.237996
kiss,poljub,поцілунок,96.242171,24.008351,29.018789,31.106472
kitten,mačkon,кошеня,73.903967,23.799582,26.304802,25.26096
knife,nož,ніж,24.843424,54.488518,44.885177,72.860125
knot,vozel,вузол,27.348643,42.588727,29.227557,28.392484
knowledge,znanje,знання,70.981211,24.425887,24.634656,26.722338
lake,jezero,озеро,76.409186,24.425887,25.678497,32.985386
lamb,jagnjetina,ягня,67.223382,24.008351,29.645094,26.722338
lamp,svetilka,лампа,36.743215,23.382046,24.008351,24.008351
lantern,svetilka,ліхтар,38.830898,22.755741,24.008351,30.271399
laughter,smeh,сміх,95.19833,22.964509,24.217119,24.217119
lavish,razkošno,розкішний,74.947808,26.931106,26.722338,23.590814
lawn,travnik,газон,48.434238,29.018789,23.590814,24.843424
lawsuit,tožba,позов,24.843424,77.035491,55.741127,63.88309
lazy,leni,лінивий,31.106472,41.962422,38.204593,29.227557
leader,vodja,лідер,74.112735,30.897704,25.052192,32.359081
learn,Naučite se,вчитися,73.695198,35.490605,31.732777,34.655532
legend,legenda,легенда,52.192067,24.634656,28.183716,29.645094
leisurely,brezskrbno,неквапливо,72.025052,25.678497,25.052192,23.382046
leprosy,gobavost,проказа,24.843424,43.632568,67.640919,65.344468
lesbian,lezbijke,лесбійка,44.676409,29.436326,26.931106,31.732777
letter,pismo,лист,60.960334,27.557411,30.897704,30.897704
liberty,svoboda,свобода,81.210856,26.304802,28.183716,28.810021
lice,uši,воші,21.7119,47.181628,48.434238,66.805846
lie,laž,брехня.,23.173278,79.749478,67.223382,54.488518
life,življenje,життя,95.19833,37.160752,41.753653,42.17119
lightbulb,žarnica,лампочка,45.720251,23.590814,21.7119,21.503132
lighthouse,svetilnik,маяк,48.643006,22.964509,28.183716,25.887265
lightning,strela,блискавка,40.292276,39.874739,31.524008,60.751566
limber,limber,гнучкий,49.269311,25.887265,26.096033,26.722338
lion,lev,лев,44.050104,32.56785,25.678497,56.993737
listless,brezvoljni,млявий,25.678497,29.018789,35.281837,30.688935
lively,živahno,жвавий,86.847599,24.425887,22.338205,22.338205
locker,omarica,шафка,37.787056,29.018789,27.974948,25.678497
loneliness,osamljenost,самотність,24.634656,41.544885,81.210856,56.784969
lonely,osamljeni,самотній.,24.425887,48.434238,86.430063,62.839248
loser,poraženec,невдаха,21.503132,52.818372,68.058455,49.060543
lost,izgubljeni,загублений,27.974948,50.730689,60.542797,72.442589
lottery,loterija,лотерея,84.133612,37.578288,34.029228,27.974948
louse,vši,воша,25.26096,43.4238,37.787056,34.237996
love,ljubezen,любов,98.538622,35.490605,45.093946,42.797495
loved,ljubljena,коханий,99.582463,23.799582,28.183716,30.897704
loyal,zvesta,лояльний,88.100209,25.469729,27.139875,29.436326
lucky,srečno,щасливий,90.39666,28.810021,26.931106,25.469729
lump,pavšalni,грудка,25.052192,38.622129,53.653445,57.202505
luscious,sočno,соковитий.,72.442589,23.382046,24.634656,25.678497
lust,poželenje,хтивість,69.519833,30.06263,31.732777,35.490605
luxury,razkošje,розкіш,85.177453,25.052192,24.634656,23.382046
machine,stroj,машина,38.622129,35.281837,28.810021,37.995825
mad,noro,збожеволіти.,23.799582,84.133612,55.114823,55.323591
madman,norec,божевільний,23.173278,64.300626,47.181628,76.200418
maggot,črv,личинка,22.546973,46.137787,33.194154,59.08142
magical,čarobni,чарівний,81.002088,23.799582,24.425887,29.436326
mail,pošta,пошта,73.903967,28.810021,28.183716,29.645094
malaria,malarija,малярія,21.294363,49.060543,73.903967,81.002088
malice,zlonamernost,злість,23.799582,70.772443,51.148225,53.02714
man,moški,чоловік,69.728601,41.336117,37.787056,37.578288
mangle,mangle,каліцтво,29.018789,54.488518,53.862213,60.751566
maniac,maniak,маніяк,27.974948,63.048017,48.643006,75.782881
manner,način,спосіб,49.269311,30.271399,27.348643,27.139875
mantel,kamin,камін,31.524008,25.052192,24.634656,23.590814
manure,gnoj,гній,24.634656,31.941545,26.51357,30.897704
market,trg,ринок,44.467641,30.06263,29.018789,30.897704
massacre,pokol,різанина,21.294363,80.375783,82.254697,79.123173
masterful,mojstrsko,майстерно,65.553236,30.480167,26.51357,29.436326
masturbate,masturbirati,мастурбувати,55.532359,28.183716,29.018789,25.678497
material,material,матеріал,42.588727,30.897704,30.06263,28.183716
measles,ošpice,кір,22.129436,41.962422,57.82881,58.663883
medicine,medicina,медицина,57.202505,28.183716,35.699374,41.753653
meek,meek,лагідний,34.446764,30.688935,46.346555,41.127349
melody,melodija,мелодія,85.386221,27.76618,31.31524,25.052192
memories,spomini,спогади,86.638831,42.17119,56.367432,36.743215
memory,pomnilnik,пам'ять,70.146138,41.753653,51.565762,40.083507
menace,grožnja,загроза,24.425887,61.377871,37.160752,41.127349
merry,veselo,веселий,91.440501,22.338205,23.799582,22.546973
messy,neurejen,брудний,31.524008,51.356994,32.150313,25.469729
metal,kovinski,металл,30.897704,28.810021,28.183716,30.897704
method,metoda,метод,32.776618,26.304802,26.096033,26.931106
mighty,mogočni,могутній,60.960334,30.06263,25.052192,35.073069
mildew,plesen,цвіль,22.338205,32.56785,31.106472,40.292276
milk,mleko,молоко,49.686848,25.26096,26.096033,24.008351
millionaire,milijonar,мільйонер,78.914405,26.304802,28.392484,27.76618
mind,um,розум,62.421712,40.083507,41.753653,44.676409
miracle,čudež,диво,96.033403,23.590814,26.51357,25.887265
mischief,zloba,бешкетництво,44.050104,40.083507,31.524008,43.841336
misery,stiska,страждання,21.920668,60.542797,90.187891,63.88309
mistake,napaka,помилка,24.843424,53.653445,50.521921,51.983299
mobility,mobilnost,мобільність,66.179541,29.018789,29.436326,33.611691
modest,skromen,скромний,54.488518,30.480167,28.392484,29.227557
mold,plesni,пліснява,23.590814,34.864301,27.76618,32.776618
moment,trenutek,момент,55.323591,32.150313,32.776618,31.524008
money,denar,гроші,88.308977,43.006263,40.083507,42.17119
month,mesec,місяць,34.655532,24.634656,25.26096,26.304802
moody,razpoloženjski,похмурий.,28.810021,62.63048,55.114823,41.962422
moral,moralni,моральний,66.388309,35.281837,31.524008,30.271399
morbid,morbidni,хворобливий,25.26096,46.555324,65.970772,62.839248
morgue,mrtvašnica,морг,21.294363,44.885177,78.914405,74.321503
mosquito,komarji,комар,27.348643,59.498956,32.985386,48.22547
mother,mati,мати,92.275574,36.11691,33.820459,29.227557
mountain,gora,гора,62.004175,27.348643,26.304802,43.4238
movie,film,фільм,82.045929,36.11691,44.467641,40.292276
mucus,sluz,слиз,24.217119,27.557411,27.348643,32.150313
muddy,blatni,каламутна,41.753653,38.413361,31.732777,30.271399
muffin,mafin,кексик,74.73904,23.382046,24.008351,23.799582
murderer,morilec,вбивця,23.173278,90.605428,84.133612,91.858038
muscular,mišične,м'язистий,65.762004,32.985386,25.469729,36.951983
museum,muzej,музей,46.555324,27.139875,28.392484,25.887265
mushroom,gobe,гриб,38.622129,24.425887,25.678497,32.985386
music,glasba,музика,88.935282,34.029228,37.36952,27.557411
mutation,mutacija,мутація,24.634656,43.841336,51.356994,54.906054
mutilate,pohabiti,калічити,24.425887,58.663883,55.949896,63.256785
mystic,mistični,містика,52.818372,26.096033,30.480167,34.029228
naked,goli,голий.,70.146138,24.634656,28.183716,40.292276
name,ime,ім'я,53.02714,31.106472,29.018789,27.557411
narcotic,narkotiki,наркотичний,37.578288,54.906054,60.125261,59.290188
nasty,grdo,огидно.,25.26096,49.269311,39.457203,43.4238
natural,naravni,природний,67.640919,28.810021,29.436326,30.897704
nature,narava,природа,74.112735,25.26096,27.974948,29.645094
nectar,nektar,нектар,54.697286,26.722338,24.634656,26.304802
needle,igla,голка,30.06263,34.864301,32.985386,52.609603
neglect,zanemarjanje,нехтування,24.008351,72.23382,74.73904,58.663883
nervous,živčni,Нервує.,27.139875,36.951983,43.4238,71.189979
neurotic,nevrotični,невротик,24.425887,44.467641,40.709812,50.313152
news,novice,новини,44.676409,43.632568,51.148225,48.643006
nice,lepo,мило.,89.14405,23.173278,24.217119,23.799582
nightmare,nočna mora,нічний кошмар.,22.129436,52.609603,56.367432,83.716075
nipple,bradavice,сосок,62.63048,25.469729,26.096033,26.722338
noisy,hrupno,галасливий,29.018789,62.004175,29.018789,29.436326
nonchalant,nonšalantno,незворушний,38.622129,29.227557,27.348643,26.304802
nonsense,nesmisel,нісенітниця.,30.897704,39.248434,28.392484,27.76618
noose,zanka,зашморг,26.304802,56.784969,62.004175,68.267223
nourish,negujte,живити,75.365344,28.810021,32.359081,28.183716
nude,goli,голий,63.256785,25.469729,24.634656,32.776618
nuisance,moteče,неприємність,25.26096,60.542797,36.11691,32.359081
nun,nuna,монахиня,48.434238,29.018789,33.611691,28.183716
nurse,medicinska sestra,медсестра,51.77453,25.678497,31.941545,37.995825
nursery,vrtec,розплідник,67.43215,24.425887,25.887265,25.26096
obesity,debelost,ожиріння,24.008351,48.434238,59.08142,51.565762
obey,ubogati,підкорятися,40.083507,43.006263,32.985386,35.073069
obnoxious,neprijetno,огидний,26.096033,69.311065,32.150313,31.106472
obscene,nespodobno,непристойний,27.76618,51.565762,37.160752,39.248434
obsession,obsedenost,одержимість,42.379958,41.336117,43.006263,54.488518
ocean,ocean,океан,86.430063,25.678497,27.76618,45.302714
odd,čudno,дивний,34.446764,30.897704,30.06263,32.985386
offend,užaliti,ображати,23.799582,75.574113,61.795407,46.764092
office,pisarna,офіс,39.665971,44.676409,40.501044,39.457203
opinion,mnenje,думка,50.939457,37.160752,28.392484,31.524008
optimism,optimizem,оптимізм,88.100209,22.546973,22.546973,26.096033
option,možnost,варіант,60.334029,27.557411,24.843424,32.776618
orchestra,orkester,оркестр,67.43215,29.645094,32.985386,24.634656
orgasm,orgazem,оргазм,96.659708,23.173278,22.755741,26.096033
outdoors,na prostem,на відкритому повітрі,82.672234,25.469729,25.887265,35.281837
outrage,ogorčenje,обурення,22.964509,82.254697,46.97286,53.862213
outstanding,izjemna,видатний,81.837161,24.634656,24.008351,25.469729
overcast,oblačno,похмуро,27.348643,40.083507,63.465553,34.655532
overwhelmed,preobremenjeni,пригнічений,31.31524,54.697286,49.060543,56.993737
owl,sova,Сова.,39.457203,27.974948,32.985386,33.402923
pain,bolečina,біль,22.964509,69.519833,70.146138,72.442589
paint,barva,фарба,51.148225,28.810021,26.304802,25.469729
palace,palača,палац,86.430063,27.348643,25.678497,26.096033
pamphlet,brošura,брошура,32.56785,27.76618,24.217119,24.217119
pancakes,palačinke,млинці,82.254697,23.799582,25.469729,22.546973
panic,panika,паніка,25.052192,48.851775,53.02714,82.672234
paper,papir,папір,33.611691,36.951983,31.524008,31.524008
paradise,raj,рай,100,22.755741,22.755741,21.920668
paralysis,paraliza,параліч,23.173278,50.521921,71.189979,64.718163
part,del,частина,32.985386,26.722338,31.106472,28.601253
party,stranka,вечірка,89.979123,26.304802,25.887265,28.810021
passage,prehod,прохід,40.083507,25.052192,28.392484,32.985386
passion,strast,пристрасть,89.770355,35.908142,30.06263,32.985386
pasta,testenine,макарони,66.805846,23.590814,23.173278,22.546973
patent,patent,патент,35.908142,27.76618,27.76618,29.645094
patient,pacient,пацієнт,45.511482,35.490605,41.753653,37.995825
patriot,patriot,патріот,67.640919,34.446764,33.820459,36.11691
peace,mir,мир,96.450939,25.052192,28.601253,27.557411
penalty,kazen,штраф,25.26096,56.5762,41.753653,45.302714
pencil,svinčnik,олівець,28.392484,29.018789,24.634656,23.382046
penis,penis,пеніс,58.872651,28.601253,27.557411,36.534447
penthouse,penthouse,пентхаус,66.179541,29.018789,28.810021,26.931106
people,ljudje,люди,65.344468,39.874739,39.665971,40.292276
perfection,popolnost,досконалість,75.991649,31.31524,30.688935,35.490605
perfume,parfum,парфуми,68.058455,25.678497,25.26096,22.755741
person,oseba,людина,68.267223,46.764092,46.97286,46.764092
pervert,perverznež,збоченець,22.129436,67.223382,53.235908,61.377871
pest,škodljivci,шкідник,23.590814,70.772443,38.204593,42.588727
pet,hišni ljubljenček,домашня тварина,86.847599,28.392484,34.655532,25.887265
phase,faza,фаза,41.127349,37.995825,37.36952,35.073069
pie,pita,пиріг,80.584551,25.469729,24.843424,24.217119
pig,prašič,свиня,44.050104,28.183716,27.557411,27.557411
pillow,vzglavnik,подушка,70.772443,24.008351,25.469729,22.546973
pinch,ščepec,ущипнути,25.26096,54.070981,32.985386,37.578288
pistol,pištola,пістолет,27.348643,61.586639,54.697286,74.112735
pity,škoda,жаль,23.382046,38.204593,65.135699,39.248434
pizza,pica,піца,77.244259,24.008351,22.755741,24.008351
plain,navaden,звичайний,32.359081,30.688935,35.490605,29.436326
plane,letalo,літак,52.818372,30.688935,34.655532,56.993737
plant,rastlina,завод,52.192067,24.425887,24.008351,24.634656
pleasure,užitek,задоволення,99.373695,23.173278,23.173278,26.304802
poetry,poezija,поезія,63.048017,33.611691,44.258873,32.56785
poison,strup,отрута,21.294363,58.246347,56.993737,79.331942
politeness,vljudnost,ввічливість,73.903967,23.590814,24.425887,26.096033
pollute,onesnažujejo .,забруднювати,21.503132,59.707724,58.455115,55.114823
poster,plakat,плакат,49.686848,25.887265,25.26096,24.008351
poverty,revščina,бідність,21.503132,55.741127,81.002088,61.377871
power,moč,сила,72.23382,35.699374,29.227557,49.686848
powerful,zmogljiv,потужний,69.728601,33.402923,26.722338,46.97286
prairie,prairie,прерії,54.279749,26.096033,29.018789,28.183716
present,sedanjost,теперішній,84.551148,26.304802,28.183716,28.392484
pressure,tlak,тиск,28.392484,52.192067,44.885177,60.960334
prestige,prestiž,престиж,73.903967,27.76618,25.887265,30.480167
pretty,precej,гарненька.,90.187891,28.810021,33.194154,30.480167
prick,Prick,Виродок.,25.052192,66.179541,40.91858,38.622129
pride,ponos,гордість,80.584551,33.402923,29.645094,27.348643
priest,duhovnik,священик,59.498956,29.853862,27.557411,30.688935
prison,zapor,в'язниця,22.338205,67.640919,68.475992,79.749478
privacy,zasebnost,приватність,64.509395,31.732777,30.06263,32.985386
profit,dobiček,прибуток,83.298539,28.601253,26.096033,27.348643
progress,napredek,прогрес,75.574113,23.382046,23.382046,29.436326
promotion,promocija,просування,90.187891,24.217119,24.217119,33.194154
protected,zaščiteno,захищений,85.803758,25.887265,27.76618,30.688935
proud,ponosni,гордий,66.388309,32.359081,26.931106,32.985386
pungent,oster,гострий,27.76618,31.524008,28.392484,31.31524
punishment,kazen,покарання,23.173278,71.816284,62.839248,62.004175
puppy,kuža,цуценя.,92.275574,25.052192,26.722338,27.139875
pus,pus,гній,22.964509,31.106472,29.645094,35.699374
putrid,gnilo,гнилий,29.645094,39.874739,37.787056,39.457203
python,python,пітон,27.348643,35.073069,31.732777,74.112735
quality,kakovost,якість,74.112735,30.271399,27.974948,26.304802
quarrel,prepir,сваритися,23.173278,73.068894,48.851775,48.016701
quart,četrtina,кварта,29.018789,24.634656,24.425887,24.425887
queen,kraljica,королева,60.542797,30.06263,26.931106,31.106472
quick,hitro,Швидше.,52.818372,27.76618,27.348643,29.436326
quiet,tiho,тихо,46.97286,29.645094,44.258873,37.160752
rabbit,zajček,кролик,65.344468,25.052192,26.51357,27.348643
rabies,steklina,сказ,20.876827,53.862213,59.08142,76.200418
radiant,sevanje,променистий,84.34238,23.173278,23.590814,23.173278
radiator,radiator,радіатор,32.56785,31.31524,26.51357,28.810021
radio,radio,радіо,68.893528,33.820459,31.106472,23.799582
rage,bes,лють,23.799582,85.59499,51.356994,63.256785
rain,dež,дощ,55.114823,37.160752,49.269311,29.018789
rainbow,mavrica,веселка,83.507307,22.546973,26.51357,22.338205
rancid,rumenkasta,прогірклий,22.964509,40.501044,33.194154,44.885177
rape,posilstvo,зґвалтування,21.503132,93.94572,90.39666,82.254697
rat,podgana,щур,25.469729,38.622129,30.06263,54.488518
rattle,hreščanje,брязкальце,44.050104,32.56785,30.06263,41.544885
razor,brivnik,бритва,24.843424,37.787056,35.073069,53.444676
red,rdeča,червоний,47.807933,49.060543,29.436326,40.501044
refreshment,osvežitev,прохолодні напої,76.617954,23.173278,24.634656,23.799582
regretful,obžalovanja vreden,жалюгідний,26.722338,60.334029,74.947808,55.323591
rejected,zavrnjen,відхилено,21.920668,73.068894,81.628392,72.442589
relaxed,sproščeno,розслаблений,90.187891,23.382046,23.799582,22.964509
repentant,kesanje,розкаявся.,40.501044,31.31524,39.665971,32.985386
reptile,plazilci,рептилія,35.490605,25.052192,24.425887,49.269311
rescue,reševanje,порятунок,88.100209,26.931106,37.787056,43.841336
resent,resent,обурюватися,24.634656,63.256785,54.070981,43.841336
reserved,rezervirano,зарезервований,42.17119,33.820459,36.325678,36.325678
respect,spoštovanje,повага,85.177453,31.31524,30.06263,32.985386
respectful,spoštljiv,шанобливий,84.968685,24.217119,24.008351,30.480167
restaurant,restavracija,ресторан,73.277662,28.392484,27.348643,27.76618
reunion,ponovno srečanje,возз'єднання,89.770355,26.722338,35.908142,34.029228
reverent,spoštljiv,шанобливий,47.807933,25.678497,27.139875,28.810021
revolt,upor,бунт,30.480167,59.707724,43.215031,51.356994
revolver,revolver,револьвер,24.634656,54.070981,45.929019,66.597077
reward,nagrada,винагорода,93.94572,25.469729,23.799582,23.590814
riches,bogastvo,багатство,80.584551,30.271399,29.018789,31.106472
ridicule,posmeh,висміювання,22.129436,73.068894,61.586639,54.697286
rifle,puška,гвинтівка,28.810021,54.697286,46.97286,70.563674
rigid,toga,жорсткий,29.227557,40.709812,36.951983,37.787056
riot,nemiri,бунт,24.634656,64.718163,47.807933,61.795407
river,reka,річка,62.63048,27.348643,27.76618,33.402923
roach,ščurki,таракан,23.799582,43.4238,33.611691,64.926931
robber,ropar,грабіжник,20.876827,76.826722,58.246347,77.870564
rock,rock,скеля,38.204593,31.732777,30.06263,32.985386
rollercoaster,rollercoaster,американські гірки,77.244259,26.931106,23.173278,58.246347
romantic,romantični,романтичний,89.352818,26.722338,31.524008,34.655532
rotten,gnili,гнилий,21.085595,41.962422,36.951983,40.501044
rough,grobo,грубо,30.06263,46.555324,36.11691,41.753653
rude,nesramen,грубо.,20.876827,79.749478,43.632568,35.073069
runner,tekač,бігун,53.862213,28.183716,25.678497,26.51357
rusty,zarjavela,іржавий,25.678497,35.281837,35.908142,34.446764
sad,žalostno,сумний,23.590814,48.22547,90.814196,47.599165
safe,varno,безпечний,86.012526,21.294363,22.755741,28.392484
sailboat,jadrnica,вітрильник,77.244259,25.052192,25.052192,37.578288
saint,Saint,святий,75.574113,24.634656,25.678497,24.217119
salad,solata,салат,60.125261,22.129436,23.173278,22.964509
salute,pozdrav,салют,60.125261,27.348643,35.281837,31.732777
sapphire,safir,сапфір,74.112735,26.722338,28.810021,24.843424
satisfied,zadovoljni,задоволений,83.924843,23.382046,24.425887,25.678497
save,shranite,зберегти,73.695198,25.678497,27.76618,30.897704
savior,rešitelj,рятівник,83.924843,24.634656,28.183716,30.480167
scalding,opeklina,ошпарювання,24.217119,61.586639,48.434238,67.43215
scandal,škandal,скандал,25.678497,62.839248,50.939457,55.323591
scapegoat,grešni kozel,цап-відбувайло,25.887265,49.895616,41.544885,38.204593
scar,brazgotina,шрам,24.008351,45.302714,46.764092,43.841336
scared,prestrašen,налякана.,23.799582,50.313152,63.048017,85.386221
scholar,učenjak,вчений,74.112735,27.348643,26.51357,26.722338
scissors,škarje,ножиці,30.271399,33.611691,29.018789,41.753653
scorching,žgoče,палючий,25.678497,54.279749,45.093946,56.5762
scorn,zaničevanje,презирство,22.755741,73.695198,56.784969,58.455115
scornful,prezirljivo,презирливо,24.217119,69.102296,44.467641,45.302714
scorpion,škorpijon,скорпіон,25.887265,43.215031,34.029228,79.54071
scream,kričati,кричати,31.941545,54.070981,49.686848,74.947808
scum,scum,покидьок,22.546973,46.137787,35.490605,39.457203
scurvy,skorbut,цинга,24.843424,39.665971,44.050104,50.104384
seasick,morska bolezen,морська хвороба,23.590814,33.820459,45.929019,47.390397
seat,sedež,місце,34.237996,24.008351,23.799582,22.546973
secure,varno,безпечний,84.759916,23.590814,26.931106,31.524008
selfish,sebični,егоїстичний,25.469729,65.553236,48.22547,33.611691
sentiment,čustva,настрій,62.421712,24.425887,38.204593,25.052192
serious,resno,серйозний,30.271399,40.083507,38.413361,41.127349
severe,huda,суворий,26.722338,52.818372,53.653445,62.004175
sex,seks,секс,94.989562,29.436326,30.897704,36.11691
sexy,seksi,сексуальний,87.265136,25.26096,27.139875,25.678497
shadow,senca,тінь,31.732777,29.018789,35.699374,48.016701
shamed,osramočeni,присоромлений.,24.217119,60.334029,75.991649,55.114823
shark,morski pes,акула,27.348643,41.753653,37.787056,79.749478
sheltered,zaščiten,захищений,54.488518,35.281837,43.215031,38.622129
ship,ladja,корабель,45.093946,23.590814,26.096033,35.490605
shotgun,strelna puška,дробовик,31.31524,63.256785,46.764092,75.574113
shriek,kričanje,крик,32.776618,41.544885,36.951983,60.334029
shy,sramežljiv,сором'язлива.,32.985386,34.029228,49.686848,52.192067
sick,bolan,хворий,23.799582,45.302714,60.334029,53.862213
sickness,bolezen,хвороба,22.129436,48.851775,71.398747,66.597077
silk,svila,шовк,73.068894,23.590814,24.425887,23.173278
silly,neumno,безглуздо.,87.265136,26.51357,23.382046,22.338205
sin,sin,гріх,24.425887,56.784969,58.663883,59.08142
sinful,grešni,гріховний,25.26096,54.488518,55.741127,53.444676
sissy,sissy,неженка.,32.56785,50.313152,44.676409,45.720251
skeptical,skeptični,скептично,30.897704,40.292276,32.56785,44.467641
skijump,skijump,стрибнути з трампліну,59.916493,26.096033,25.678497,66.179541
skull,lobanja,череп,24.425887,40.501044,41.753653,56.367432
sky,nebo,небо,73.48643,25.26096,26.304802,28.810021
skyscraper,nebotičnik,хмарочос,50.939457,29.227557,34.446764,49.060543
slap,slap,ляпас,23.382046,72.442589,47.807933,51.565762
slaughter,zakol,забій,21.503132,76.200418,78.079332,75.365344
slave,slave,раба.,22.546973,78.705637,81.628392,59.08142
sleep,spanje,сон,89.561587,25.469729,31.106472,27.348643
slime,sluz,слиз,25.678497,33.820459,30.271399,40.083507
slow,počasi,повільно,31.31524,46.137787,39.457203,35.281837
slum,slum,нетрі,23.590814,46.137787,66.388309,53.02714
slush,brozga,сльота,35.073069,33.194154,37.787056,30.06263
smallpox,ošpice,віспа,20.876827,43.215031,58.037578,71.398747
smooth,gladko,гладкий,65.135699,24.217119,23.173278,22.546973
snake,kača,змія,28.392484,39.248434,33.820459,76.826722
snob,snob,сноб,22.964509,61.377871,34.237996,30.688935
snow,sneg,сніг,77.453027,32.985386,34.446764,29.018789
snuggle,tuljenje,притискатися,88.726514,22.964509,29.645094,24.634656
social,socialna,соціальний,76.617954,25.678497,27.139875,34.655532
soft,mehka,м'який,77.453027,24.008351,26.096033,24.425887
solemn,slovesno,урочисто.,38.413361,29.436326,51.148225,32.985386
song,pesem,пісня,84.551148,36.11691,44.885177,29.853862
soothe,pomiri,заспокоїти,85.803758,26.304802,27.139875,25.887265
sour,kislo,кислий,34.237996,29.853862,26.722338,30.06263
space,prostor,простір,53.444676,25.26096,31.31524,38.622129
spanking,spanking,шльопання,29.227557,61.795407,51.983299,55.114823
sphere,sfera,сфера,33.194154,24.425887,23.173278,25.26096
spider,pajek,павук,27.557411,40.501044,38.204593,72.025052
spirit,duh,дух,77.453027,29.227557,30.06263,31.106472
spouse,zakonec,чоловік,85.177453,37.36952,34.446764,35.073069
spray,razpršilo,спрей,41.544885,27.348643,24.843424,28.810021
spring,pomlad,весна,91.231733,24.634656,25.678497,24.634656
square,kvadratni,площа,32.985386,29.853862,29.018789,27.348643
stagnant,stagnacija,застійний,24.008351,35.908142,34.864301,34.029228
star,zvezda,зірка,82.254697,22.755741,25.26096,25.052192
startled,prestrašen,перелякано,28.810021,45.093946,35.490605,63.465553
starving,stradajoči,голодую.,25.887265,55.114823,68.267223,56.5762
statue,kip,статуя,38.204593,26.931106,29.436326,26.722338
stench,smrad,сморід,24.217119,36.951983,30.897704,32.776618
stiff,toga,жорсткий,26.931106,36.743215,33.820459,33.194154
stink,smrad,смердіти.,22.129436,46.764092,37.36952,38.204593
stomach,želodec,шлунок,39.874739,31.31524,31.732777,30.06263
stool,stolček,табурет,31.106472,25.678497,26.722338,26.722338
storm,nevihta,шторм,46.764092,42.17119,37.36952,55.323591
stove,štedilnik,піч,36.11691,26.304802,26.51357,33.820459
street,ulica,вулиця,40.083507,30.271399,28.601253,41.336117
stress,stres,стрес,24.217119,63.256785,57.620042,58.872651
strong,močan,сильний,73.48643,32.985386,25.26096,34.446764
stupid,neumno,дурний.,26.51357,54.697286,43.215031,34.237996
subdued,utišano,приглушений,29.853862,29.853862,35.281837,31.524008
success,uspeh,успіх,89.352818,23.799582,25.469729,34.029228
suffocate,zadušiti,задихнутися,21.920668,63.674322,72.442589,86.847599
sugar,sladkor,цукор,73.695198,25.678497,24.217119,24.843424
suicide,samomor,самогубство,21.085595,73.48643,94.572025,77.870564
sun,sonce,сонце,88.517745,27.557411,25.26096,28.810021
sunlight,sončna svetloba,сонячне світло,83.507307,23.173278,23.382046,22.755741
sunrise,sončni vzhod,схід сонця,90.814196,23.799582,26.722338,22.338205
sunset,sončni zahod,захід сонця,86.012526,23.799582,28.810021,23.173278
surgery,kirurgija,хірургічна операція,28.183716,40.083507,58.037578,78.914405
surprised,presenečen,здивований.,76.409186,29.853862,29.018789,39.665971
suspicious,sumljiva,підозріло.,26.722338,48.851775,35.281837,54.697286
swamp,močvirje,болото,27.139875,29.018789,28.810021,41.127349
sweetheart,sladko srce,кохана.,98.74739,23.173278,29.645094,25.052192
swift,swift,швидкий,42.588727,25.469729,24.634656,26.096033
swimmer,plavalec,плавець,61.795407,24.217119,24.217119,27.139875
syphilis,sifilis,сифіліс,22.755741,52.818372,59.08142,64.718163
table,tabela,таблиця,31.941545,23.382046,22.755741,23.382046
talent,talent,талант,83.08977,24.634656,25.678497,28.183716
tamper,Tamper,втручання,24.008351,51.565762,31.732777,36.743215
tank,rezervoar,бак,28.392484,39.665971,33.611691,43.4238
taste,okus,смак,61.377871,26.096033,24.425887,31.941545
taxi,taksi,таксі,40.083507,32.985386,27.139875,37.578288
teacher,učitelj,вчитель,67.640919,40.292276,28.810021,31.941545
tease,dražiti,дражнити,49.269311,57.82881,46.346555,35.281837
tender,ponudba,ніжний,68.267223,24.843424,36.951983,24.843424
tennis,tenis,теніс,56.5762,25.887265,23.173278,26.722338
tense,napetost,напружений,25.887265,50.313152,41.962422,56.158664
termite,Termit,терміт,24.634656,59.916493,38.622129,64.926931
terrible,grozno,жахливо.,22.964509,58.663883,64.300626,58.663883
terrific,grozen,приголомшливо.,98.74739,23.173278,22.129436,23.799582
terrified,prestrašen,переляканий.,22.129436,46.555324,49.269311,88.935282
terrorist,teroristični,терорист,22.964509,83.716075,70.354906,79.123173
thankful,hvaležen,вдячний,89.352818,24.634656,29.853862,24.634656
theory,teorija,теорія,32.359081,27.76618,26.304802,28.810021
thermometer,termometer,термометр,32.985386,31.524008,35.490605,32.359081
thief,tat,злодій,24.425887,69.728601,53.444676,69.102296
thorn,trn,колючка,22.755741,51.77453,39.874739,53.235908
thought,misel,подумав я.,58.872651,40.083507,41.544885,41.127349
thoughtful,premišljeno,вдумливий,85.803758,24.217119,27.348643,23.382046
thrill,vznemirjenje,хвилювання,83.924843,25.26096,24.634656,44.885177
tidy,urejeno,охайно.,69.728601,26.51357,24.634656,25.26096
time,čas,час,43.215031,37.160752,40.709812,45.093946
timid,plaha,боязкий,29.645094,32.56785,40.501044,50.730689
tobacco,tobak,тютюн,28.183716,48.016701,44.885177,45.511482
tomb,grobnica,могила,26.51357,40.501044,63.88309,62.63048
tool,orodje,інструмент,32.985386,27.76618,25.26096,28.183716
toothache,zobobol,зубний біль,24.008351,52.818372,50.730689,48.22547
tornado,tornado,торнадо,25.26096,41.127349,51.565762,78.2881
torture,mučenje,катування,21.503132,82.672234,81.837161,89.14405
tower,stolp,вежа,30.271399,30.271399,33.611691,40.501044
toxic,strupeni,токсичний,22.964509,44.885177,42.588727,64.926931
toy,igrača,іграшка,86.012526,23.173278,23.382046,21.920668
tragedy,tragedija,трагедія,23.173278,64.718163,89.352818,74.321503
traitor,izdajalec,зрадник,23.173278,79.123173,55.532359,52.192067
trash,smeti,сміття,25.052192,41.753653,32.985386,32.359081
trauma,travma,травма,24.634656,50.939457,79.958246,78.2881
travel,potovanje,подорож,80.584551,25.469729,26.931106,38.204593
treasure,zaklad,скарб,91.231733,22.755741,23.799582,25.052192
treat,zdravljenje,частування,84.133612,22.755741,23.173278,23.173278
tree,drevo,дерево,53.862213,23.382046,23.799582,24.425887
triumph,triumph,тріумф,89.770355,27.974948,26.722338,28.810021
triumphant,zmagoslavno,тріумфуюче,91.649269,25.469729,24.634656,25.469729
trophy,trofeja,трофей,88.517745,29.853862,28.810021,25.469729
trouble,težave,неприємність,26.722338,52.818372,51.356994,61.169102
troubled,težave,неспокійний,24.425887,54.488518,66.388309,53.862213
truck,tovornjak,вантажівка,44.467641,32.56785,26.51357,35.908142
trumpet,trobenta,сурмити,49.060543,24.425887,25.26096,24.425887
trunk,prtljažnik,хобот,24.843424,24.634656,24.008351,31.106472
trust,zaupanje,довіра,85.803758,32.150313,32.359081,39.874739
truth,resnica,правда,76.617954,31.941545,34.864301,39.457203
tumor,tumor,пухлина,22.129436,61.169102,81.210856,82.254697
tune,melodija,мелодія,62.63048,24.425887,28.183716,23.590814
twilight,somrak,сутінки,50.730689,25.469729,30.06263,33.611691
ugly,grdo,потворний,26.096033,46.764092,63.88309,48.851775
ulcer,razjeda,виразка,22.546973,49.686848,55.532359,59.290188
umbrella,dežnik,парасолька,44.467641,30.480167,31.106472,26.722338
unfaithful,nezvesta,невірний,22.546973,83.716075,79.123173,64.300626
unhappy,nesrečen,нещасний.,22.546973,55.323591,79.54071,51.148225
unit,enota,одиниця,40.083507,26.722338,26.51357,25.887265
untroubled,nemoteno,безтурботний,73.695198,24.008351,25.26096,25.469729
upset,razburjen,засмучений,22.129436,65.762004,78.705637,48.22547
urine,urin,сеча,34.655532,27.557411,24.843424,27.348643
useful,koristno,корисний,74.112735,26.51357,24.217119,23.799582
useless,neuporaben,марна.,23.173278,56.784969,56.784969,43.4238
utensil,pripomočki,посуд,35.490605,27.348643,25.469729,30.688935
vacation,počitnice,відпустка,96.868476,22.755741,24.425887,23.382046
vagina,vagina,піхва,55.323591,24.008351,25.469729,27.348643
valentine,valentinovo,валентинка,90.187891,27.974948,36.743215,26.304802
vampire,vampir,вампір,25.469729,45.720251,34.655532,74.73904
vandal,vandalizem,вандал,25.887265,72.651357,51.983299,63.256785
vanity,nečimrnost,марнославство,39.665971,34.237996,29.853862,29.645094
vehicle,vozilo,транспортний засіб,62.421712,34.655532,34.655532,42.588727
venom,venom,отрута,22.964509,46.97286,47.390397,77.035491
vest,telovnik,жилет,34.655532,25.26096,24.217119,25.26096
victim,žrtev,жертва,23.173278,64.300626,73.068894,70.563674
victory,zmaga,перемога,92.275574,26.51357,23.382046,23.382046
vigorous,živahno,енергійний,50.939457,33.402923,28.601253,33.611691
village,vas,село,44.050104,24.425887,26.096033,26.096033
violent,nasilni,жорстокий,25.469729,79.54071,66.597077,76.409186
violin,violina,скрипка,62.004175,26.51357,35.073069,23.799582
virgin,virgin,незаймана,54.697286,28.810021,32.985386,34.864301
virtue,vrlina,чеснота,76.617954,24.634656,26.931106,26.304802
vision,vizija,бачення,64.300626,28.392484,27.348643,30.688935
volcano,vulkan,вулкан,27.557411,40.709812,40.501044,66.805846
vomit,bruhanje,блювота,22.129436,43.006263,45.093946,49.895616
voyage,Voyage,мандрівка,59.707724,24.425887,26.304802,37.36952
wagon,vagon,вагон,39.665971,24.843424,25.469729,27.557411
war,vojna,війна,24.008351,76.826722,76.617954,82.463466
warmth,toplina,тепло,88.308977,26.51357,26.51357,24.425887
wasp,Osa,оса,24.634656,54.697286,35.281837,66.388309
waste,odpadki,відходи,24.634656,57.620042,49.478079,37.578288
watch,Oglejte si .,годинник,41.753653,26.096033,28.810021,29.645094
water,voda,вода,71.189979,25.052192,25.052192,28.392484
waterfall,slap,водоспад,84.551148,23.799582,25.052192,33.194154
wealthy,bogati,заможний,83.507307,31.31524,35.490605,31.31524
weapon,orožje,зброя,26.51357,65.970772,55.532359,83.08977
weary,utrujeni,втомлений,24.008351,35.908142,56.993737,41.962422
wedding,poroka,весілля,94.154489,22.964509,32.776618,39.248434
whistle,piščalka,свист,62.63048,29.645094,26.722338,29.018789
white,bela,білий,53.444676,23.799582,26.304802,23.799582
whore,kurba,шльондра,25.469729,58.037578,60.125261,39.457203
wicked,wicked,нечестивий,27.139875,60.542797,47.599165,69.102296
wife,žena,дружина,87.473904,31.941545,31.31524,33.194154
win,zmaga,виграти,91.231733,28.183716,27.557411,28.183716
windmill,mlin na veter,вітряк,45.302714,25.678497,27.139875,26.304802
window,okno,вікно,46.555324,24.425887,28.183716,25.887265
wine,vino,вино,77.244259,30.271399,38.413361,29.436326
wink,wink,підморгнути,72.651357,25.26096,23.590814,23.799582
wise,modro,мудрий,71.816284,25.469729,25.26096,23.590814
wish,želja,бажання,85.386221,27.348643,34.237996,30.06263
wit,z,дотепність,73.695198,30.06263,24.425887,24.634656
woman,ženska,жінка,74.321503,35.908142,37.995825,36.743215
wonder,wonder,дивуватися,67.223382,25.26096,28.810021,33.402923
world,svet,світ,61.169102,33.402923,38.204593,36.743215
wounds,rane,рани,25.469729,51.565762,62.839248,59.08142
writer,pisatelj,письменник,55.323591,34.446764,40.709812,32.985386
yacht,jahte,яхта,74.73904,25.469729,24.008351,28.392484
yellow,rumena,жовтий,58.455115,26.304802,26.51357,26.304802
young,mladi,молодий,77.661795,35.281837,36.743215,39.039666
youth,mladi,молодь,86.638831,35.908142,37.578288,32.776618
zest,lupina,родзинка,57.202505,26.096033,24.217119,24.425887
