термін,mean_hap,mean_ang,mean_sad,mean_fear
викрадення,22.755741,73.903967,82.045929,85.803758
аборт,26.51357,59.08142,77.870564,60.960334
абсурд.,26.722338,40.709812,27.974948,27.557411
достаток,67.223382,25.887265,23.590814,23.799582
зловживання,22.129436,87.265136,87.682672,82.254697
прийняття,77.661795,25.469729,29.853862,35.699374
нещасний випадок,22.129436,58.872651,75.365344,77.035491
туз.,63.674322,24.008351,22.129436,26.304802
болить.,25.26096,50.939457,57.411273,44.885177
досягнення,91.649269,22.129436,23.799582,27.348643
активувати,39.665971,28.392484,26.096033,28.810021
наркоман,24.425887,53.653445,66.597077,57.82881
залежний,27.139875,57.202505,64.718163,63.674322
захоплений,83.716075,25.887265,25.469729,29.227557
чарівний,85.386221,23.382046,24.425887,22.546973
дорослий,53.235908,29.436326,33.194154,44.676409
перевага,70.563674,30.688935,26.304802,27.557411
пригода,77.661795,22.546973,22.755741,46.555324
прихильність,89.14405,27.557411,32.359081,32.985386
наляканий.,23.173278,44.676409,55.532359,93.94572
агресивний,36.534447,67.43215,39.457203,56.993737
спритність,65.762004,25.469729,22.338205,25.469729
агонія,21.7119,50.939457,72.23382,56.5762
угода,67.640919,27.76618,28.183716,27.557411
повітря,60.751566,22.546973,23.382046,25.26096
алкоголік,29.436326,63.465553,75.991649,64.926931
тривога,42.588727,33.820459,28.392484,48.016701
чужий,26.931106,30.688935,26.722338,50.521921
аліменти,37.160752,45.929019,47.181628,38.622129
живим.,86.221294,23.799582,25.678497,28.810021
алергія,24.008351,43.632568,40.083507,37.995825
алея,30.480167,26.931106,32.150313,61.795407
наодинці.,26.51357,38.413361,76.200418,68.893528
відсторонено,39.039666,30.271399,32.56785,31.31524
амбіції,79.331942,26.722338,25.887265,35.490605
швидка допомога,25.887265,39.457203,69.93737,70.146138
ангел,94.989562,22.129436,26.304802,26.51357
гнів,22.129436,92.693111,61.169102,54.488518
злий.,24.425887,93.319415,59.08142,59.08142
страждає,24.843424,50.521921,66.179541,51.148225
щиколотка,30.06263,25.678497,24.634656,26.51357
дратувати,22.338205,72.860125,35.908142,34.655532
відповідь,49.060543,29.645094,28.183716,31.31524
занепокоєний,43.841336,35.908142,37.578288,55.323591
оплески,83.08977,23.173278,23.799582,25.26096
прилад,34.029228,26.931106,24.634656,25.887265
рука,38.204593,25.678497,22.755741,24.425887
армія,37.787056,49.060543,53.235908,65.344468
збуджений,88.726514,22.964509,23.173278,30.688935
зарозумілий,26.096033,65.553236,34.655532,33.611691
мистецтво,71.607516,36.325678,39.248434,32.776618
вбивця,22.129436,72.442589,56.367432,75.991649
напад,22.755741,80.584551,71.816284,83.507307
здивований,44.885177,26.304802,25.887265,31.524008
астронавт,59.707724,23.173278,29.227557,42.379958
легка атлетика,84.551148,39.874739,36.951983,32.56785
осінь,78.079332,25.26096,34.655532,25.26096
лавина,25.678497,46.555324,60.334029,81.002088
проспект,40.292276,23.590814,24.008351,24.634656
злякався.,71.398747,26.931106,30.897704,29.227557
крихітка,92.693111,24.634656,28.810021,35.908142
пекти,67.43215,25.052192,23.799582,25.678497
пов'язка,27.76618,31.31524,42.17119,43.006263
банкрут.,23.173278,58.663883,64.091858,64.091858
банер,46.346555,27.139875,26.51357,26.51357
бар,64.926931,33.194154,34.029228,34.655532
бочка,29.018789,26.096033,26.096033,29.227557
кошик,43.215031,22.964509,24.843424,23.590814
падлюка.,24.843424,77.870564,53.653445,38.622129
ванна,81.628392,24.634656,25.887265,24.634656
ванна кімната,36.325678,25.887265,24.008351,29.436326
ванна,55.741127,23.382046,25.26096,26.304802
пляж,93.110647,24.217119,27.76618,29.018789
звір,25.887265,43.006263,34.446764,65.553236
прекрасний,94.154489,25.469729,27.557411,27.348643
краса,92.275574,30.271399,30.688935,29.018789
ліжко,86.638831,24.217119,36.325678,28.183716
бджоли,32.150313,47.807933,29.018789,64.300626
жебрак,23.799582,44.258873,72.025052,42.588727
лавка,30.271399,28.392484,27.139875,24.634656
важка втрата,29.436326,38.413361,45.302714,34.446764
зраджувати,22.546973,89.352818,75.782881,65.553236
напій,68.893528,25.26096,23.173278,23.382046
птах,57.620042,23.382046,24.008351,25.678497
день народження,96.242171,23.382046,27.348643,25.469729
чорний,28.601253,57.202505,63.465553,60.960334
шантаж,21.294363,79.123173,53.862213,62.63048
м'який,27.139875,30.480167,35.908142,26.51357
блейз,30.897704,29.645094,32.776618,31.524008
богохульство,28.601253,57.82881,42.588727,40.083507
Благословляю.,85.803758,21.920668,22.129436,21.294363
сліпий,24.634656,49.478079,71.816284,64.091858
блаженство,96.033403,23.173278,22.546973,23.799582
пухир,24.217119,52.400835,44.258873,43.215031
білявий,60.125261,28.392484,26.096033,24.634656
кривавий,22.755741,57.411273,66.179541,77.035491
цвісти,82.672234,21.503132,24.425887,22.129436
жир,35.281837,35.490605,41.753653,36.11691
синій,55.323591,30.06263,57.620042,29.645094
дошка,29.645094,32.56785,28.810021,28.810021
тіло,61.169102,34.864301,35.073069,32.985386
сміливий,53.444676,36.951983,28.601253,35.281837
бомба,24.217119,75.574113,66.388309,82.045929
книга,63.256785,41.753653,41.753653,38.830898
нудьгую.,23.799582,40.292276,45.302714,29.227557
пляшка,43.215031,32.359081,35.073069,33.611691
букет,82.045929,22.129436,28.183716,22.338205
чаша,38.830898,26.096033,24.425887,24.425887
боксер,40.91858,40.709812,28.810021,44.258873
хлопчик,62.421712,34.864301,35.699374,35.699374
хоробрий,72.442589,26.51357,25.26096,36.743215
груди,62.63048,24.634656,27.348643,27.974948
вітерець,75.365344,25.26096,25.678497,24.634656
наречена,89.561587,24.008351,30.897704,30.06263
яскравий,79.123173,25.887265,23.590814,23.799582
зламаний,23.799582,60.334029,67.43215,50.313152
брат,75.574113,43.006263,35.908142,31.31524
жорстокий,24.217119,76.200418,62.421712,68.475992
будівля,34.864301,25.887265,24.843424,29.227557
куля,23.799582,58.455115,55.323591,73.695198
Зайчик.,74.947808,25.26096,27.348643,26.722338
обтяжений,23.799582,59.916493,61.795407,47.599165
поховання,23.799582,42.588727,86.430063,55.532359
горіти,24.008351,58.455115,51.356994,67.43215
автобус,32.776618,30.480167,26.096033,29.853862
заклопотана людина.,40.501044,37.995825,35.281837,32.985386
масло,42.588727,25.678497,25.678497,25.26096
метелик,84.34238,24.008351,27.139875,25.887265
шафа,31.106472,26.096033,25.469729,26.722338
торт,81.419624,27.348643,29.436326,24.425887
рак,21.7119,61.795407,84.133612,78.914405
цукерки.,83.924843,24.634656,23.382046,24.008351
очерет,28.392484,31.732777,45.720251,31.732777
гармата,29.853862,44.885177,33.820459,54.488518
здібний,71.398747,27.348643,28.183716,32.56785
машина,74.947808,34.029228,30.271399,40.083507
туша,23.590814,39.039666,54.697286,53.02714
безтурботним.,79.123173,23.382046,23.382046,25.887265
пестощі,87.265136,21.920668,27.348643,24.217119
готівка,86.221294,33.402923,32.359081,34.237996
казино,64.509395,34.446764,33.820459,35.073069
кішка,58.455115,30.271399,26.304802,31.732777
клітина,47.807933,35.490605,33.611691,35.073069
підвал,26.304802,32.985386,36.325678,52.192067
кладовище,25.052192,44.676409,87.056367,63.048017
крісло,35.490605,23.590814,23.590814,25.052192
чемпіон,86.012526,25.052192,25.887265,24.634656
чемпіон,91.858038,26.096033,26.722338,25.469729
шанс,62.004175,31.732777,34.655532,46.97286
хаос,27.557411,50.521921,32.985386,49.895616
чарівність,79.54071,25.887265,23.382046,25.052192
аплодисменти,91.440501,21.7119,24.425887,22.546973
дитина,85.803758,26.931106,31.31524,32.776618
підборіддя,30.06263,24.634656,26.51357,26.931106
шоколад,91.440501,24.217119,29.018789,24.843424
різдвяний,97.286013,26.096033,32.150313,23.799582
церква,71.398747,26.931106,29.436326,32.359081
коло,41.127349,23.799582,25.052192,25.052192
цирк,73.277662,25.887265,29.645094,34.237996
місто,65.762004,29.227557,26.931106,37.36952
скеля,32.150313,29.853862,34.029228,65.553236
годинник,31.31524,27.348643,28.810021,29.227557
одяг,79.54071,31.732777,30.06263,26.722338
хмари,71.189979,28.810021,31.524008,28.810021
незграбний,36.325678,45.093946,37.787056,35.490605
грубий,26.304802,37.160752,30.06263,28.183716
узбережжя,70.563674,25.469729,26.722338,31.31524
тарган,21.503132,45.720251,37.160752,65.553236
труна,24.008351,44.885177,86.638831,72.651357
монета,46.764092,25.052192,23.799582,23.382046
холодний,30.688935,46.137787,46.555324,39.248434
колір,72.442589,27.974948,30.06263,29.645094
колонка,27.557411,25.469729,26.096033,26.096033
комедія,92.901879,25.26096,23.382046,22.546973
комфорт,87.891441,21.920668,25.887265,25.052192
комп'ютер,56.158664,38.413361,26.931106,29.853862
концентрат,36.743215,38.204593,29.853862,26.931106
впевнений у собі,79.749478,25.469729,25.26096,26.931106
збентежений.,24.425887,48.434238,47.599165,43.841336
заспокоєний.,65.344468,30.271399,49.895616,32.56785
презирство,37.578288,50.521921,34.446764,38.830898
зміст,31.732777,23.799582,23.382046,26.931106
контекст,29.018789,26.304802,25.052192,25.469729
контролювати,27.348643,58.872651,41.544885,45.720251
куховарити,62.212944,28.183716,25.052192,27.139875
шнур,33.611691,29.645094,24.843424,27.76618
пробка,45.720251,23.799582,23.173278,23.590814
куточок,27.76618,28.810021,33.611691,33.402923
труп,23.590814,44.467641,69.102296,66.805846
коридор,26.931106,25.26096,27.974948,34.029228
корумпований,24.634656,62.63048,49.686848,49.895616
котедж,70.772443,23.590814,27.348643,24.008351
пара,84.551148,30.06263,33.820459,33.611691
корова,50.521921,27.348643,28.392484,30.271399
боягуз.,22.755741,50.313152,50.521921,56.784969
затишна,92.275574,24.217119,24.634656,23.382046
аварія,24.843424,58.872651,70.563674,75.991649
злочин,22.755741,74.321503,70.146138,74.73904
злочинець,21.503132,69.311065,57.620042,74.112735
криза,21.294363,52.609603,70.146138,79.749478
корона,75.365344,27.348643,24.008351,26.304802
розіп'яти,25.052192,71.398747,78.914405,68.267223
сирий,24.217119,52.400835,41.336117,36.11691
жорстокий,22.129436,79.958246,72.025052,66.179541
розчавлений,22.338205,54.906054,76.826722,50.313152
милиця,24.634656,42.17119,48.434238,40.083507
обійматися,92.066806,22.338205,26.931106,24.008351
кухня,76.826722,24.425887,22.129436,24.008351
допитливий.,50.521921,30.271399,27.76618,33.194154
штори,33.820459,22.755741,25.26096,24.008351
звичай,46.137787,25.26096,26.722338,24.634656
вирізати,23.173278,58.663883,53.235908,63.674322
милий,91.649269,23.382046,24.634656,22.755741
циклон,30.271399,46.346555,48.851775,68.893528
кинджал,24.425887,55.114823,46.137787,71.607516
пошкодження,27.76618,73.068894,63.88309,56.993737
танцівниця,70.981211,26.304802,26.304802,25.469729
небезпека,26.304802,48.434238,49.895616,85.386221
темний,37.787056,34.237996,45.302714,64.091858
світанок,69.519833,26.096033,29.018789,27.348643
денне світло,84.133612,25.678497,24.008351,21.920668
сліпучість,77.453027,23.590814,23.382046,22.755741
мертвий.,26.931106,50.521921,73.277662,66.179541
смерть,26.096033,65.970772,91.858038,82.045929
борг,22.546973,63.88309,69.728601,73.695198
обман,24.008351,73.48643,61.169102,53.653445
розкладаються,23.590814,25.887265,35.908142,32.985386
прикрашати,75.365344,22.546973,25.052192,23.590814
переможений,24.634656,70.772443,67.014614,49.686848
зухвалий,34.446764,54.697286,40.292276,40.709812
деформований,23.382046,44.676409,68.68476,50.730689
відкладений,24.634656,49.060543,32.985386,36.534447
захоплення,98.121086,22.755741,23.590814,23.590814
демон,22.129436,64.926931,53.235908,79.958246
стоматолог,36.325678,32.150313,31.31524,53.653445
пригнічений,21.7119,56.784969,90.187891,64.718163
депресія,22.546973,60.334029,90.39666,68.267223
занедбаний,28.810021,34.237996,34.237996,34.029228
дезертир,23.173278,62.63048,53.653445,50.939457
бажання,80.167015,33.820459,30.688935,31.941545
у відчаї,24.634656,45.093946,68.893528,50.104384
зневажати,22.546973,78.079332,51.565762,43.632568
знищувати,23.590814,75.574113,66.597077,67.014614
знищення,25.052192,79.331942,69.728601,64.300626
відокремлено,25.469729,43.006263,57.82881,51.77453
деталь,45.511482,31.106472,26.096033,26.722338
ненавидіти,22.755741,61.795407,38.204593,40.292276
диявол,20.876827,73.695198,59.707724,77.870564
відданий,76.200418,23.382046,26.51357,28.183716
діамант,86.638831,25.887265,26.722338,23.382046
гідний,71.607516,23.382046,23.799582,25.052192
вечеря,76.826722,25.052192,23.590814,24.008351
диплом,88.517745,22.546973,28.601253,31.941545
бруд,32.985386,33.194154,30.480167,29.645094
брудний,26.722338,48.016701,40.501044,40.501044
розчаровувати,24.425887,55.741127,70.146138,55.114823
катастрофа,22.338205,66.597077,81.419624,76.409186
дискомфорт,22.338205,57.411273,55.741127,48.643006
розчарований,22.755741,57.82881,66.179541,46.555324
презирливо,26.931106,48.643006,44.885177,38.413361
огидно,24.634656,45.093946,41.127349,40.501044
нелояльний,22.129436,75.574113,63.256785,52.818372
незадоволений,21.503132,61.795407,50.939457,39.248434
розгублений,24.008351,58.037578,64.091858,55.532359
турбувати,22.755741,63.88309,36.743215,38.204593
дайвер,47.807933,26.51357,26.51357,39.248434
розлучення,21.294363,73.48643,84.133612,69.519833
лікар,57.202505,36.534447,36.743215,56.993737
собака,84.34238,27.974948,33.194154,29.436326
лялька,60.542797,26.096033,28.392484,28.392484
долар,72.23382,26.931106,25.26096,28.392484
двері,36.11691,31.941545,29.436326,32.150313
голуб,74.321503,22.755741,26.304802,22.755741
жахливо.,24.843424,47.807933,63.256785,61.795407
мріяти,82.881002,32.150313,37.160752,37.995825
похмурий.,25.26096,34.237996,70.772443,36.11691
сукня,65.553236,25.26096,24.634656,25.26096
потонути,22.546973,54.906054,79.54071,87.682672
манекен.,26.51357,38.413361,47.181628,33.402923
звалище,22.964509,52.400835,59.707724,47.390397
совок,24.425887,24.008351,23.173278,23.799582
земля,75.574113,35.490605,41.127349,40.292276
легко,81.837161,23.173278,24.008351,24.843424
безтурботний,83.08977,23.799582,23.799582,23.799582
їсти,78.2881,35.073069,36.534447,35.699374
екстаз,85.177453,27.974948,27.348643,37.578288
освіта,79.749478,30.271399,26.931106,31.31524
яйце,38.830898,24.425887,23.799582,24.843424
радісний.,82.045929,25.469729,24.843424,24.425887
лікоть,30.06263,25.678497,25.678497,26.51357
елегантний,72.23382,24.008351,25.26096,22.546973
ліфт,31.31524,24.008351,24.008351,35.073069
збентежений,26.51357,54.488518,59.498956,63.465553
з боєм,27.139875,47.390397,43.841336,54.906054
працевлаштування,74.73904,41.753653,35.490605,44.467641
заручений,90.39666,26.722338,27.348643,46.346555
двигун,33.611691,25.26096,23.799582,27.348643
насолода,94.989562,21.503132,22.129436,22.546973
нудьга,28.183716,28.183716,27.139875,28.810021
розлючений,21.503132,87.265136,45.302714,54.070981
еротичний,76.409186,25.887265,23.590814,27.348643
доручення,36.325678,35.281837,26.931106,25.26096
подія,54.697286,29.645094,30.688935,28.810021
злий,21.503132,79.749478,62.004175,82.672234
досконалість,93.736952,24.008351,24.008351,26.722338
хвилювання,95.19833,26.096033,23.590814,28.392484
привід,33.402923,45.302714,32.56785,33.402923
виконання,23.382046,68.68476,75.156576,71.816284
вправа,73.48643,32.985386,30.688935,31.941545
тканина,41.544885,25.26096,25.26096,24.008351
обличчя,65.135699,38.413361,41.753653,38.830898
невдача,23.799582,76.409186,84.759916,81.419624
осінь,55.114823,31.524008,31.31524,35.699374
неправда.,25.469729,54.697286,44.050104,41.753653
слава,75.365344,27.139875,26.304802,29.645094
сім'я,96.242171,30.688935,31.31524,25.887265
відомий,69.311065,27.139875,25.26096,25.052192
фантазія,84.968685,24.843424,27.348643,26.096033
ферма,52.609603,27.139875,30.271399,29.436326
зачаровувати,76.409186,27.139875,26.096033,30.06263
жир,29.645094,55.949896,66.388309,59.290188
батько,79.123173,33.820459,36.951983,31.106472
втомлений,29.018789,35.490605,42.379958,31.106472
помилка,24.843424,55.532359,45.302714,50.521921
послугу,65.970772,27.139875,23.799582,26.096033
страх,23.382046,47.390397,52.609603,91.231733
наляканий,23.173278,47.181628,51.565762,88.517745
слабкий,31.106472,34.655532,42.379958,33.611691
святковий,89.770355,26.096033,27.139875,26.096033
лихоманка,22.964509,41.753653,51.356994,45.720251
поле,50.104384,25.469729,26.304802,27.76618
битися,30.06263,77.244259,57.620042,64.509395
бруд,26.096033,50.939457,50.313152,44.467641
палець,40.083507,28.810021,27.139875,27.348643
вогонь,28.810021,52.818372,61.377871,73.695198
феєрверки,76.826722,25.26096,24.008351,36.534447
риба,53.444676,23.799582,27.557411,28.183716
в'ялий,27.348643,40.292276,49.686848,45.511482
прапор,65.344468,29.645094,33.194154,30.06263
фліртувати,79.958246,30.897704,27.974948,29.436326
повінь,24.425887,50.521921,76.409186,70.772443
квітка,76.617954,26.096033,28.810021,25.26096
піна,38.830898,24.425887,24.634656,26.722338
їжа,78.2881,30.688935,26.304802,27.348643
нога,34.029228,27.557411,26.51357,27.974948
вилка,34.655532,25.469729,24.634656,27.974948
нечесно.,26.096033,55.741127,36.11691,39.457203
аромат,79.54071,26.51357,30.480167,24.008351
шахрайство,23.799582,64.091858,47.599165,46.137787
вільний,91.022965,24.008351,24.008351,27.76618
свобода,92.275574,26.722338,29.853862,35.281837
друг,94.572025,28.392484,31.106472,27.348643
привітний,95.824635,23.382046,22.755741,22.755741
фригідний,26.304802,40.709812,42.588727,47.181628
жаба,45.511482,24.843424,26.096033,29.018789
розчарований,20.876827,81.002088,49.895616,46.764092
веселий,97.286013,21.7119,22.338205,23.382046
похорон,22.338205,57.411273,93.94572,66.597077
грибок,24.425887,31.106472,30.271399,37.995825
хутро,52.818372,33.611691,37.160752,29.436326
гра,73.695198,39.457203,33.194154,30.688935
гангрена,23.173278,39.665971,52.192067,60.334029
сміття,23.173278,36.951983,30.480167,32.359081
сад,71.398747,24.425887,23.382046,23.382046
одяг,48.22547,27.557411,26.51357,25.052192
підв'язка,61.795407,25.887265,23.382046,25.887265
стать,54.070981,30.271399,29.436326,27.348643
ніжний,82.463466,25.052192,27.974948,25.052192
мікроби,25.678497,35.490605,38.413361,58.037578
подарунок,95.19833,24.843424,24.843424,27.139875
дівчинка,76.826722,32.56785,36.325678,34.029228
льодовик,36.951983,25.052192,27.139875,42.17119
гламур,69.102296,26.722338,26.304802,25.26096
скло,39.457203,28.392484,29.436326,38.413361
похмурість,24.008351,39.665971,71.398747,41.127349
слава,87.265136,26.931106,26.51357,27.348643
Боже.,81.837161,28.810021,29.436326,39.457203
золото,75.365344,24.425887,22.964509,22.546973
гольфіст,69.728601,31.31524,26.51357,24.217119
добре,92.275574,24.425887,23.799582,25.26096
плітки,29.018789,71.816284,53.02714,44.676409
випускник,88.517745,23.590814,37.578288,45.302714
трава,58.246347,26.096033,23.590814,24.425887
вдячний,84.759916,23.590814,24.634656,21.085595
жадібність,29.436326,65.553236,55.949896,47.390397
зелений,65.344468,22.964509,24.425887,22.338205
привіт,73.48643,25.887265,25.26096,28.810021
граната,22.964509,64.091858,55.532359,75.156576
горе,23.173278,53.235908,85.177453,50.313152
бруд,22.546973,38.830898,30.688935,37.995825
усмішка,86.430063,27.557411,25.26096,27.139875
скаржитися,23.590814,55.949896,39.874739,32.56785
гільйотина,22.546973,56.367432,56.784969,67.014614
винен.,22.546973,55.741127,63.256785,58.455115
пістолет,25.887265,63.048017,60.125261,79.958246
гімнастка,59.707724,24.634656,25.26096,34.237996
звичка,40.709812,38.204593,32.56785,34.237996
фен,39.248434,29.645094,23.799582,26.304802
шпилька,31.31524,25.678497,24.843424,24.843424
гамбургер,61.586639,24.634656,24.008351,25.26096
молоток,27.348643,37.995825,26.722338,33.402923
рука,40.292276,26.304802,25.678497,25.678497
гандикап,25.26096,41.753653,69.519833,48.643006
гарний.,88.726514,24.425887,23.173278,27.139875
безсистемний,28.183716,44.467641,36.325678,50.521921
щасливий,97.703549,22.546973,24.425887,23.173278
важко,34.446764,46.346555,36.534447,46.137787
труднощі,23.382046,59.290188,70.146138,60.751566
капелюх,45.511482,24.008351,24.008351,23.799582
ненависть,21.294363,84.759916,67.640919,66.388309
ненависть,23.173278,87.682672,70.563674,68.893528
яструб,40.083507,25.052192,23.799582,37.995825
сіно,36.11691,23.799582,23.382046,24.425887
головний біль,21.920668,59.498956,50.521921,45.302714
фара,39.248434,31.941545,29.436326,36.951983
вилікувати,79.331942,25.678497,28.392484,29.436326
здоров'я,88.308977,34.864301,39.248434,46.555324
серце,77.453027,28.810021,36.325678,31.941545
Небеса,95.407098,24.008351,27.76618,32.776618
Пекло.,24.008351,67.43215,68.68476,80.584551
безпорадним,22.755741,57.202505,74.947808,64.509395
героїн,33.402923,55.741127,57.82881,60.334029
ховатися,29.227557,32.776618,39.665971,60.751566
шосе,44.467641,33.611691,29.227557,34.029228
заважати,29.227557,54.488518,50.313152,46.555324
історія,41.753653,31.31524,35.699374,32.150313
хіт,32.56785,67.43215,52.818372,58.037578
свято,97.494781,24.634656,30.271399,25.052192
додому,85.59499,29.645094,36.11691,27.557411
чесний,83.08977,27.139875,28.392484,31.941545
любий.,67.640919,23.799582,25.052192,23.382046
честь,86.638831,27.139875,27.974948,27.974948
повія,26.931106,39.457203,55.114823,36.11691
надія,84.968685,22.964509,28.183716,27.557411
з надією,86.430063,26.096033,32.776618,30.688935
жах,24.634656,43.006263,43.4238,79.749478
кінь,58.037578,24.425887,24.634656,31.524008
лікарня,30.06263,37.36952,69.311065,69.102296
заручник,24.008351,58.246347,58.872651,70.772443
ворожий,22.964509,79.958246,48.22547,62.004175
готель,60.960334,26.096033,29.227557,28.392484
будинок,66.179541,24.843424,26.931106,24.008351
Обійми,90.187891,23.382046,29.018789,24.217119
гуманний,59.290188,24.425887,25.678497,25.678497
скромний,65.344468,27.557411,32.985386,27.557411
принизити,24.425887,76.200418,77.035491,69.311065
гумор,93.319415,24.008351,25.469729,24.843424
голодний,29.853862,36.325678,40.91858,30.688935
ураган,22.338205,60.542797,80.584551,77.661795
боляче,23.173278,68.475992,75.991649,66.805846
гідрант,33.820459,24.217119,24.425887,24.843424
морозильна камера,38.204593,26.722338,27.974948,30.06263
ідея,63.88309,27.557411,27.76618,27.557411
ідентичність,51.565762,29.436326,27.76618,32.985386
Ідіот.,27.974948,48.22547,41.127349,33.611691
кумир,60.960334,28.392484,31.941545,29.645094
невігластво,26.722338,64.718163,54.488518,46.555324
хвороба,23.173278,52.192067,68.475992,68.475992
Уявіть собі.,74.73904,24.634656,26.304802,32.56785
незрілий,31.106472,54.488518,33.194154,30.480167
аморальний,25.26096,56.158664,49.060543,42.379958
погіршувати,24.634656,45.929019,48.643006,48.22547
імпотент,25.678497,42.588727,49.686848,44.676409
вражений,76.409186,24.634656,22.964509,27.139875
вдосконалюватися,82.672234,26.931106,26.096033,30.688935
стимул,74.112735,27.974948,26.096033,29.645094
байдужий,33.611691,36.11691,34.864301,32.359081
індустрія,39.457203,33.611691,30.897704,29.436326
немовля,77.870564,25.052192,23.799582,31.732777
захоплення,63.674322,32.985386,31.732777,34.029228
інфекція,23.590814,49.895616,59.08142,72.442589
нижчий,25.052192,57.620042,49.060543,44.885177
мешканець,35.908142,24.008351,25.469729,26.722338
травма,24.425887,50.521921,61.169102,57.620042
чорнило,35.281837,26.51357,24.008351,24.843424
невинний.,66.179541,28.601253,31.106472,34.655532
божевільна.,23.799582,51.148225,57.202505,63.674322
комаха,32.985386,31.31524,26.51357,54.488518
невпевнений у собі.,22.755741,44.676409,65.762004,62.212944
нахабний,29.436326,42.17119,46.764092,40.292276
надихати,80.375783,24.008351,24.843424,23.799582
натхненний,84.551148,24.634656,24.634656,25.887265
образа,23.173278,73.068894,55.741127,45.302714
інтелект,64.926931,28.183716,24.634656,27.557411
статевий акт,91.440501,23.590814,27.139875,34.237996
інтерес,66.388309,29.645094,29.018789,31.106472
інтимний,87.473904,24.843424,29.853862,35.073069
зловмисник,22.129436,73.48643,47.807933,80.375783
загарбник,22.338205,70.563674,50.104384,76.200418
інвестувати,60.125261,27.557411,27.139875,41.962422
залізо,29.018789,31.732777,25.052192,29.645094
дратувати,24.217119,77.035491,40.91858,40.083507
пункт,33.611691,27.557411,25.887265,25.887265
в'язниця,24.008351,67.849687,69.311065,74.947808
ревнощі,24.008351,71.398747,60.334029,53.862213
желе,52.192067,23.173278,22.546973,23.173278
коштовність,80.584551,24.008351,24.008351,22.755741
жарт.,87.265136,28.392484,24.425887,23.799582
веселий,96.242171,22.129436,23.590814,21.920668
журнал,48.22547,36.11691,41.544885,35.490605
радість,94.572025,22.338205,24.008351,22.546973
радісний,98.121086,22.129436,21.503132,20.876827
глечик,31.732777,25.052192,24.008351,23.173278
справедливість,74.73904,32.985386,31.106472,33.194154
хустка,31.31524,24.425887,28.183716,23.799582
гас,26.722338,36.951983,33.194154,44.258873
кетчуп,44.467641,25.678497,25.26096,24.634656
чайник,36.11691,25.887265,26.304802,27.557411
ключ,44.050104,27.76618,25.469729,26.096033
удар ногою,33.611691,49.060543,31.524008,37.160752
діти,90.39666,34.446764,31.941545,37.160752
вбивця,21.085595,87.265136,75.991649,89.979123
добрий,87.056367,23.173278,23.173278,21.503132
доброта,92.901879,22.129436,22.755741,21.294363
король,56.993737,29.436326,25.052192,34.237996
поцілунок,96.242171,24.008351,29.018789,31.106472
кошеня,73.903967,23.799582,26.304802,25.26096
ніж,24.843424,54.488518,44.885177,72.860125
вузол,27.348643,42.588727,29.227557,28.392484
знання,70.981211,24.425887,24.634656,26.722338
озеро,76.409186,24.425887,25.678497,32.985386
ягня,67.223382,24.008351,29.645094,26.722338
лампа,36.743215,23.382046,24.008351,24.008351
ліхтар,38.830898,22.755741,24.008351,30.271399
сміх,95.19833,22.964509,24.217119,24.217119
розкішний,74.947808,26.931106,26.722338,23.590814
газон,48.434238,29.018789,23.590814,24.843424
позов,24.843424,77.035491,55.741127,63.88309
лінивий,31.106472,41.962422,38.204593,29.227557
лідер,74.112735,30.897704,25.052192,32.359081
вчитися,73.695198,35.490605,31.732777,34.655532
легенда,52.192067,24.634656,28.183716,29.645094
неквапливо,72.025052,25.678497,25.052192,23.382046
проказа,24.843424,43.632568,67.640919,65.344468
лесбійка,44.676409,29.436326,26.931106,31.732777
лист,60.960334,27.557411,30.897704,30.897704
свобода,81.210856,26.304802,28.183716,28.810021
воші,21.7119,47.181628,48.434238,66.805846
брехня.,23.173278,79.749478,67.223382,54.488518
життя,95.19833,37.160752,41.753653,42.17119
лампочка,45.720251,23.590814,21.7119,21.503132
маяк,48.643006,22.964509,28.183716,25.887265
блискавка,40.292276,39.874739,31.524008,60.751566
гнучкий,49.269311,25.887265,26.096033,26.722338
лев,44.050104,32.56785,25.678497,56.993737
млявий,25.678497,29.018789,35.281837,30.688935
жвавий,86.847599,24.425887,22.338205,22.338205
шафка,37.787056,29.018789,27.974948,25.678497
самотність,24.634656,41.544885,81.210856,56.784969
самотній.,24.425887,48.434238,86.430063,62.839248
невдаха,21.503132,52.818372,68.058455,49.060543
загублений,27.974948,50.730689,60.542797,72.442589
лотерея,84.133612,37.578288,34.029228,27.974948
воша,25.26096,43.4238,37.787056,34.237996
любов,98.538622,35.490605,45.093946,42.797495
коханий,99.582463,23.799582,28.183716,30.897704
лояльний,88.100209,25.469729,27.139875,29.436326
щасливий,90.39666,28.810021,26.931106,25.469729
грудка,25.052192,38.622129,53.653445,57.202505
соковитий.,72.442589,23.382046,24.634656,25.678497
хтивість,69.519833,30.06263,31.732777,35.490605
розкіш,85.177453,25.052192,24.634656,23.382046
машина,38.622129,35.281837,28.810021,37.995825
збожеволіти.,23.799582,84.133612,55.114823,55.323591
божевільний,23.173278,64.300626,47.181628,76.200418
личинка,22.546973,46.137787,33.194154,59.08142
чарівний,81.002088,23.799582,24.425887,29.436326
пошта,73.903967,28.810021,28.183716,29.645094
малярія,21.294363,49.060543,73.903967,81.002088
злість,23.799582,70.772443,51.148225,53.02714
чоловік,69.728601,41.336117,37.787056,37.578288
каліцтво,29.018789,54.488518,53.862213,60.751566
маніяк,27.974948,63.048017,48.643006,75.782881
спосіб,49.269311,30.271399,27.348643,27.139875
камін,31.524008,25.052192,24.634656,23.590814
гній,24.634656,31.941545,26.51357,30.897704
ринок,44.467641,30.06263,29.018789,30.897704
різанина,21.294363,80.375783,82.254697,79.123173
майстерно,65.553236,30.480167,26.51357,29.436326
мастурбувати,55.532359,28.183716,29.018789,25.678497
матеріал,42.588727,30.897704,30.06263,28.183716
кір,22.129436,41.962422,57.82881,58.663883
медицина,57.202505,28.183716,35.699374,41.753653
лагідний,34.446764,30.688935,46.346555,41.127349
мелодія,85.386221,27.76618,31.31524,25.052192
спогади,86.638831,42.17119,56.367432,36.743215
пам'ять,70.146138,41.753653,51.565762,40.083507
загроза,24.425887,61.377871,37.160752,41.127349
веселий,91.440501,22.338205,23.799582,22.546973
брудний,31.524008,51.356994,32.150313,25.469729
металл,30.897704,28.810021,28.183716,30.897704
метод,32.776618,26.304802,26.096033,26.931106
могутній,60.960334,30.06263,25.052192,35.073069
цвіль,22.338205,32.56785,31.106472,40.292276
молоко,49.686848,25.26096,26.096033,24.008351
мільйонер,78.914405,26.304802,28.392484,27.76618
розум,62.421712,40.083507,41.753653,44.676409
диво,96.033403,23.590814,26.51357,25.887265
бешкетництво,44.050104,40.083507,31.524008,43.841336
страждання,21.920668,60.542797,90.187891,63.88309
помилка,24.843424,53.653445,50.521921,51.983299
мобільність,66.179541,29.018789,29.436326,33.611691
скромний,54.488518,30.480167,28.392484,29.227557
пліснява,23.590814,34.864301,27.76618,32.776618
момент,55.323591,32.150313,32.776618,31.524008
гроші,88.308977,43.006263,40.083507,42.17119
місяць,34.655532,24.634656,25.26096,26.304802
похмурий.,28.810021,62.63048,55.114823,41.962422
моральний,66.388309,35.281837,31.524008,30.271399
хворобливий,25.26096,46.555324,65.970772,62.839248
морг,21.294363,44.885177,78.914405,74.321503
комар,27.348643,59.498956,32.985386,48.22547
мати,92.275574,36.11691,33.820459,29.227557
гора,62.004175,27.348643,26.304802,43.4238
фільм,82.045929,36.11691,44.467641,40.292276
слиз,24.217119,27.557411,27.348643,32.150313
каламутна,41.753653,38.413361,31.732777,30.271399
кексик,74.73904,23.382046,24.008351,23.799582
вбивця,23.173278,90.605428,84.133612,91.858038
м'язистий,65.762004,32.985386,25.469729,36.951983
музей,46.555324,27.139875,28.392484,25.887265
гриб,38.622129,24.425887,25.678497,32.985386
музика,88.935282,34.029228,37.36952,27.557411
мутація,24.634656,43.841336,51.356994,54.906054
калічити,24.425887,58.663883,55.949896,63.256785
містика,52.818372,26.096033,30.480167,34.029228
голий.,70.146138,24.634656,28.183716,40.292276
ім'я,53.02714,31.106472,29.018789,27.557411
наркотичний,37.578288,54.906054,60.125261,59.290188
огидно.,25.26096,49.269311,39.457203,43.4238
природний,67.640919,28.810021,29.436326,30.897704
природа,74.112735,25.26096,27.974948,29.645094
нектар,54.697286,26.722338,24.634656,26.304802
голка,30.06263,34.864301,32.985386,52.609603
нехтування,24.008351,72.23382,74.73904,58.663883
Нервує.,27.139875,36.951983,43.4238,71.189979
невротик,24.425887,44.467641,40.709812,50.313152
новини,44.676409,43.632568,51.148225,48.643006
мило.,89.14405,23.173278,24.217119,23.799582
нічний кошмар.,22.129436,52.609603,56.367432,83.716075
сосок,62.63048,25.469729,26.096033,26.722338
галасливий,29.018789,62.004175,29.018789,29.436326
незворушний,38.622129,29.227557,27.348643,26.304802
нісенітниця.,30.897704,39.248434,28.392484,27.76618
зашморг,26.304802,56.784969,62.004175,68.267223
живити,75.365344,28.810021,32.359081,28.183716
голий,63.256785,25.469729,24.634656,32.776618
неприємність,25.26096,60.542797,36.11691,32.359081
монахиня,48.434238,29.018789,33.611691,28.183716
медсестра,51.77453,25.678497,31.941545,37.995825
розплідник,67.43215,24.425887,25.887265,25.26096
ожиріння,24.008351,48.434238,59.08142,51.565762
підкорятися,40.083507,43.006263,32.985386,35.073069
огидний,26.096033,69.311065,32.150313,31.106472
непристойний,27.76618,51.565762,37.160752,39.248434
одержимість,42.379958,41.336117,43.006263,54.488518
океан,86.430063,25.678497,27.76618,45.302714
дивний,34.446764,30.897704,30.06263,32.985386
ображати,23.799582,75.574113,61.795407,46.764092
офіс,39.665971,44.676409,40.501044,39.457203
думка,50.939457,37.160752,28.392484,31.524008
оптимізм,88.100209,22.546973,22.546973,26.096033
варіант,60.334029,27.557411,24.843424,32.776618
оркестр,67.43215,29.645094,32.985386,24.634656
оргазм,96.659708,23.173278,22.755741,26.096033
на відкритому повітрі,82.672234,25.469729,25.887265,35.281837
обурення,22.964509,82.254697,46.97286,53.862213
видатний,81.837161,24.634656,24.008351,25.469729
похмуро,27.348643,40.083507,63.465553,34.655532
пригнічений,31.31524,54.697286,49.060543,56.993737
Сова.,39.457203,27.974948,32.985386,33.402923
біль,22.964509,69.519833,70.146138,72.442589
фарба,51.148225,28.810021,26.304802,25.469729
палац,86.430063,27.348643,25.678497,26.096033
брошура,32.56785,27.76618,24.217119,24.217119
млинці,82.254697,23.799582,25.469729,22.546973
паніка,25.052192,48.851775,53.02714,82.672234
папір,33.611691,36.951983,31.524008,31.524008
рай,100,22.755741,22.755741,21.920668
параліч,23.173278,50.521921,71.189979,64.718163
частина,32.985386,26.722338,31.106472,28.601253
вечірка,89.979123,26.304802,25.887265,28.810021
прохід,40.083507,25.052192,28.392484,32.985386
пристрасть,89.770355,35.908142,30.06263,32.985386
макарони,66.805846,23.590814,23.173278,22.546973
патент,35.908142,27.76618,27.76618,29.645094
пацієнт,45.511482,35.490605,41.753653,37.995825
патріот,67.640919,34.446764,33.820459,36.11691
мир,96.450939,25.052192,28.601253,27.557411
штраф,25.26096,56.5762,41.753653,45.302714
олівець,28.392484,29.018789,24.634656,23.382046
пеніс,58.872651,28.601253,27.557411,36.534447
пентхаус,66.179541,29.018789,28.810021,26.931106
люди,65.344468,39.874739,39.665971,40.292276
досконалість,75.991649,31.31524,30.688935,35.490605
парфуми,68.058455,25.678497,25.26096,22.755741
людина,68.267223,46.764092,46.97286,46.764092
збоченець,22.129436,67.223382,53.235908,61.377871
шкідник,23.590814,70.772443,38.204593,42.588727
домашня тварина,86.847599,28.392484,34.655532,25.887265
фаза,41.127349,37.995825,37.36952,35.073069
пиріг,80.584551,25.469729,24.843424,24.217119
свиня,44.050104,28.183716,27.557411,27.557411
подушка,70.772443,24.008351,25.469729,22.546973
ущипнути,25.26096,54.070981,32.985386,37.578288
пістолет,27.348643,61.586639,54.697286,74.112735
жаль,23.382046,38.204593,65.135699,39.248434
піца,77.244259,24.008351,22.755741,24.008351
звичайний,32.359081,30.688935,35.490605,29.436326
літак,52.818372,30.688935,34.655532,56.993737
завод,52.192067,24.425887,24.008351,24.634656
задоволення,99.373695,23.173278,23.173278,26.304802
поезія,63.048017,33.611691,44.258873,32.56785
отрута,21.294363,58.246347,56.993737,79.331942
ввічливість,73.903967,23.590814,24.425887,26.096033
забруднювати,21.503132,59.707724,58.455115,55.114823
плакат,49.686848,25.887265,25.26096,24.008351
бідність,21.503132,55.741127,81.002088,61.377871
сила,72.23382,35.699374,29.227557,49.686848
потужний,69.728601,33.402923,26.722338,46.97286
прерії,54.279749,26.096033,29.018789,28.183716
теперішній,84.551148,26.304802,28.183716,28.392484
тиск,28.392484,52.192067,44.885177,60.960334
престиж,73.903967,27.76618,25.887265,30.480167
гарненька.,90.187891,28.810021,33.194154,30.480167
Виродок.,25.052192,66.179541,40.91858,38.622129
гордість,80.584551,33.402923,29.645094,27.348643
священик,59.498956,29.853862,27.557411,30.688935
в'язниця,22.338205,67.640919,68.475992,79.749478
приватність,64.509395,31.732777,30.06263,32.985386
прибуток,83.298539,28.601253,26.096033,27.348643
прогрес,75.574113,23.382046,23.382046,29.436326
просування,90.187891,24.217119,24.217119,33.194154
захищений,85.803758,25.887265,27.76618,30.688935
гордий,66.388309,32.359081,26.931106,32.985386
гострий,27.76618,31.524008,28.392484,31.31524
покарання,23.173278,71.816284,62.839248,62.004175
цуценя.,92.275574,25.052192,26.722338,27.139875
гній,22.964509,31.106472,29.645094,35.699374
гнилий,29.645094,39.874739,37.787056,39.457203
пітон,27.348643,35.073069,31.732777,74.112735
якість,74.112735,30.271399,27.974948,26.304802
сваритися,23.173278,73.068894,48.851775,48.016701
кварта,29.018789,24.634656,24.425887,24.425887
королева,60.542797,30.06263,26.931106,31.106472
Швидше.,52.818372,27.76618,27.348643,29.436326
тихо,46.97286,29.645094,44.258873,37.160752
кролик,65.344468,25.052192,26.51357,27.348643
сказ,20.876827,53.862213,59.08142,76.200418
променистий,84.34238,23.173278,23.590814,23.173278
радіатор,32.56785,31.31524,26.51357,28.810021
радіо,68.893528,33.820459,31.106472,23.799582
лють,23.799582,85.59499,51.356994,63.256785
дощ,55.114823,37.160752,49.269311,29.018789
веселка,83.507307,22.546973,26.51357,22.338205
прогірклий,22.964509,40.501044,33.194154,44.885177
зґвалтування,21.503132,93.94572,90.39666,82.254697
щур,25.469729,38.622129,30.06263,54.488518
брязкальце,44.050104,32.56785,30.06263,41.544885
бритва,24.843424,37.787056,35.073069,53.444676
червоний,47.807933,49.060543,29.436326,40.501044
прохолодні напої,76.617954,23.173278,24.634656,23.799582
жалюгідний,26.722338,60.334029,74.947808,55.323591
відхилено,21.920668,73.068894,81.628392,72.442589
розслаблений,90.187891,23.382046,23.799582,22.964509
розкаявся.,40.501044,31.31524,39.665971,32.985386
рептилія,35.490605,25.052192,24.425887,49.269311
порятунок,88.100209,26.931106,37.787056,43.841336
обурюватися,24.634656,63.256785,54.070981,43.841336
зарезервований,42.17119,33.820459,36.325678,36.325678
повага,85.177453,31.31524,30.06263,32.985386
шанобливий,84.968685,24.217119,24.008351,30.480167
ресторан,73.277662,28.392484,27.348643,27.76618
возз'єднання,89.770355,26.722338,35.908142,34.029228
шанобливий,47.807933,25.678497,27.139875,28.810021
бунт,30.480167,59.707724,43.215031,51.356994
револьвер,24.634656,54.070981,45.929019,66.597077
винагорода,93.94572,25.469729,23.799582,23.590814
багатство,80.584551,30.271399,29.018789,31.106472
висміювання,22.129436,73.068894,61.586639,54.697286
гвинтівка,28.810021,54.697286,46.97286,70.563674
жорсткий,29.227557,40.709812,36.951983,37.787056
бунт,24.634656,64.718163,47.807933,61.795407
річка,62.63048,27.348643,27.76618,33.402923
таракан,23.799582,43.4238,33.611691,64.926931
грабіжник,20.876827,76.826722,58.246347,77.870564
скеля,38.204593,31.732777,30.06263,32.985386
американські гірки,77.244259,26.931106,23.173278,58.246347
романтичний,89.352818,26.722338,31.524008,34.655532
гнилий,21.085595,41.962422,36.951983,40.501044
грубо,30.06263,46.555324,36.11691,41.753653
грубо.,20.876827,79.749478,43.632568,35.073069
бігун,53.862213,28.183716,25.678497,26.51357
іржавий,25.678497,35.281837,35.908142,34.446764
сумний,23.590814,48.22547,90.814196,47.599165
безпечний,86.012526,21.294363,22.755741,28.392484
вітрильник,77.244259,25.052192,25.052192,37.578288
святий,75.574113,24.634656,25.678497,24.217119
салат,60.125261,22.129436,23.173278,22.964509
салют,60.125261,27.348643,35.281837,31.732777
сапфір,74.112735,26.722338,28.810021,24.843424
задоволений,83.924843,23.382046,24.425887,25.678497
зберегти,73.695198,25.678497,27.76618,30.897704
рятівник,83.924843,24.634656,28.183716,30.480167
ошпарювання,24.217119,61.586639,48.434238,67.43215
скандал,25.678497,62.839248,50.939457,55.323591
цап-відбувайло,25.887265,49.895616,41.544885,38.204593
шрам,24.008351,45.302714,46.764092,43.841336
налякана.,23.799582,50.313152,63.048017,85.386221
вчений,74.112735,27.348643,26.51357,26.722338
ножиці,30.271399,33.611691,29.018789,41.753653
палючий,25.678497,54.279749,45.093946,56.5762
презирство,22.755741,73.695198,56.784969,58.455115
презирливо,24.217119,69.102296,44.467641,45.302714
скорпіон,25.887265,43.215031,34.029228,79.54071
кричати,31.941545,54.070981,49.686848,74.947808
покидьок,22.546973,46.137787,35.490605,39.457203
цинга,24.843424,39.665971,44.050104,50.104384
морська хвороба,23.590814,33.820459,45.929019,47.390397
місце,34.237996,24.008351,23.799582,22.546973
безпечний,84.759916,23.590814,26.931106,31.524008
егоїстичний,25.469729,65.553236,48.22547,33.611691
настрій,62.421712,24.425887,38.204593,25.052192
серйозний,30.271399,40.083507,38.413361,41.127349
суворий,26.722338,52.818372,53.653445,62.004175
секс,94.989562,29.436326,30.897704,36.11691
сексуальний,87.265136,25.26096,27.139875,25.678497
тінь,31.732777,29.018789,35.699374,48.016701
присоромлений.,24.217119,60.334029,75.991649,55.114823
акула,27.348643,41.753653,37.787056,79.749478
захищений,54.488518,35.281837,43.215031,38.622129
корабель,45.093946,23.590814,26.096033,35.490605
дробовик,31.31524,63.256785,46.764092,75.574113
крик,32.776618,41.544885,36.951983,60.334029
сором'язлива.,32.985386,34.029228,49.686848,52.192067
хворий,23.799582,45.302714,60.334029,53.862213
хвороба,22.129436,48.851775,71.398747,66.597077
шовк,73.068894,23.590814,24.425887,23.173278
безглуздо.,87.265136,26.51357,23.382046,22.338205
гріх,24.425887,56.784969,58.663883,59.08142
гріховний,25.26096,54.488518,55.741127,53.444676
неженка.,32.56785,50.313152,44.676409,45.720251
скептично,30.897704,40.292276,32.56785,44.467641
стрибнути з трампліну,59.916493,26.096033,25.678497,66.179541
череп,24.425887,40.501044,41.753653,56.367432
небо,73.48643,25.26096,26.304802,28.810021
хмарочос,50.939457,29.227557,34.446764,49.060543
ляпас,23.382046,72.442589,47.807933,51.565762
забій,21.503132,76.200418,78.079332,75.365344
раба.,22.546973,78.705637,81.628392,59.08142
сон,89.561587,25.469729,31.106472,27.348643
слиз,25.678497,33.820459,30.271399,40.083507
повільно,31.31524,46.137787,39.457203,35.281837
нетрі,23.590814,46.137787,66.388309,53.02714
сльота,35.073069,33.194154,37.787056,30.06263
віспа,20.876827,43.215031,58.037578,71.398747
гладкий,65.135699,24.217119,23.173278,22.546973
змія,28.392484,39.248434,33.820459,76.826722
сноб,22.964509,61.377871,34.237996,30.688935
сніг,77.453027,32.985386,34.446764,29.018789
притискатися,88.726514,22.964509,29.645094,24.634656
соціальний,76.617954,25.678497,27.139875,34.655532
м'який,77.453027,24.008351,26.096033,24.425887
урочисто.,38.413361,29.436326,51.148225,32.985386
пісня,84.551148,36.11691,44.885177,29.853862
заспокоїти,85.803758,26.304802,27.139875,25.887265
кислий,34.237996,29.853862,26.722338,30.06263
простір,53.444676,25.26096,31.31524,38.622129
шльопання,29.227557,61.795407,51.983299,55.114823
сфера,33.194154,24.425887,23.173278,25.26096
павук,27.557411,40.501044,38.204593,72.025052
дух,77.453027,29.227557,30.06263,31.106472
чоловік,85.177453,37.36952,34.446764,35.073069
спрей,41.544885,27.348643,24.843424,28.810021
весна,91.231733,24.634656,25.678497,24.634656
площа,32.985386,29.853862,29.018789,27.348643
застійний,24.008351,35.908142,34.864301,34.029228
зірка,82.254697,22.755741,25.26096,25.052192
перелякано,28.810021,45.093946,35.490605,63.465553
голодую.,25.887265,55.114823,68.267223,56.5762
статуя,38.204593,26.931106,29.436326,26.722338
сморід,24.217119,36.951983,30.897704,32.776618
жорсткий,26.931106,36.743215,33.820459,33.194154
смердіти.,22.129436,46.764092,37.36952,38.204593
шлунок,39.874739,31.31524,31.732777,30.06263
табурет,31.106472,25.678497,26.722338,26.722338
шторм,46.764092,42.17119,37.36952,55.323591
піч,36.11691,26.304802,26.51357,33.820459
вулиця,40.083507,30.271399,28.601253,41.336117
стрес,24.217119,63.256785,57.620042,58.872651
сильний,73.48643,32.985386,25.26096,34.446764
дурний.,26.51357,54.697286,43.215031,34.237996
приглушений,29.853862,29.853862,35.281837,31.524008
успіх,89.352818,23.799582,25.469729,34.029228
задихнутися,21.920668,63.674322,72.442589,86.847599
цукор,73.695198,25.678497,24.217119,24.843424
самогубство,21.085595,73.48643,94.572025,77.870564
сонце,88.517745,27.557411,25.26096,28.810021
сонячне світло,83.507307,23.173278,23.382046,22.755741
схід сонця,90.814196,23.799582,26.722338,22.338205
захід сонця,86.012526,23.799582,28.810021,23.173278
хірургічна операція,28.183716,40.083507,58.037578,78.914405
здивований.,76.409186,29.853862,29.018789,39.665971
підозріло.,26.722338,48.851775,35.281837,54.697286
болото,27.139875,29.018789,28.810021,41.127349
кохана.,98.74739,23.173278,29.645094,25.052192
швидкий,42.588727,25.469729,24.634656,26.096033
плавець,61.795407,24.217119,24.217119,27.139875
сифіліс,22.755741,52.818372,59.08142,64.718163
таблиця,31.941545,23.382046,22.755741,23.382046
талант,83.08977,24.634656,25.678497,28.183716
втручання,24.008351,51.565762,31.732777,36.743215
бак,28.392484,39.665971,33.611691,43.4238
смак,61.377871,26.096033,24.425887,31.941545
таксі,40.083507,32.985386,27.139875,37.578288
вчитель,67.640919,40.292276,28.810021,31.941545
дражнити,49.269311,57.82881,46.346555,35.281837
ніжний,68.267223,24.843424,36.951983,24.843424
теніс,56.5762,25.887265,23.173278,26.722338
напружений,25.887265,50.313152,41.962422,56.158664
терміт,24.634656,59.916493,38.622129,64.926931
жахливо.,22.964509,58.663883,64.300626,58.663883
приголомшливо.,98.74739,23.173278,22.129436,23.799582
переляканий.,22.129436,46.555324,49.269311,88.935282
терорист,22.964509,83.716075,70.354906,79.123173
вдячний,89.352818,24.634656,29.853862,24.634656
теорія,32.359081,27.76618,26.304802,28.810021
термометр,32.985386,31.524008,35.490605,32.359081
злодій,24.425887,69.728601,53.444676,69.102296
колючка,22.755741,51.77453,39.874739,53.235908
подумав я.,58.872651,40.083507,41.544885,41.127349
вдумливий,85.803758,24.217119,27.348643,23.382046
хвилювання,83.924843,25.26096,24.634656,44.885177
охайно.,69.728601,26.51357,24.634656,25.26096
час,43.215031,37.160752,40.709812,45.093946
боязкий,29.645094,32.56785,40.501044,50.730689
тютюн,28.183716,48.016701,44.885177,45.511482
могила,26.51357,40.501044,63.88309,62.63048
інструмент,32.985386,27.76618,25.26096,28.183716
зубний біль,24.008351,52.818372,50.730689,48.22547
торнадо,25.26096,41.127349,51.565762,78.2881
катування,21.503132,82.672234,81.837161,89.14405
вежа,30.271399,30.271399,33.611691,40.501044
токсичний,22.964509,44.885177,42.588727,64.926931
іграшка,86.012526,23.173278,23.382046,21.920668
трагедія,23.173278,64.718163,89.352818,74.321503
зрадник,23.173278,79.123173,55.532359,52.192067
сміття,25.052192,41.753653,32.985386,32.359081
травма,24.634656,50.939457,79.958246,78.2881
подорож,80.584551,25.469729,26.931106,38.204593
скарб,91.231733,22.755741,23.799582,25.052192
частування,84.133612,22.755741,23.173278,23.173278
дерево,53.862213,23.382046,23.799582,24.425887
тріумф,89.770355,27.974948,26.722338,28.810021
тріумфуюче,91.649269,25.469729,24.634656,25.469729
трофей,88.517745,29.853862,28.810021,25.469729
неприємність,26.722338,52.818372,51.356994,61.169102
неспокійний,24.425887,54.488518,66.388309,53.862213
вантажівка,44.467641,32.56785,26.51357,35.908142
сурмити,49.060543,24.425887,25.26096,24.425887
хобот,24.843424,24.634656,24.008351,31.106472
довіра,85.803758,32.150313,32.359081,39.874739
правда,76.617954,31.941545,34.864301,39.457203
пухлина,22.129436,61.169102,81.210856,82.254697
мелодія,62.63048,24.425887,28.183716,23.590814
сутінки,50.730689,25.469729,30.06263,33.611691
потворний,26.096033,46.764092,63.88309,48.851775
виразка,22.546973,49.686848,55.532359,59.290188
парасолька,44.467641,30.480167,31.106472,26.722338
невірний,22.546973,83.716075,79.123173,64.300626
нещасний.,22.546973,55.323591,79.54071,51.148225
одиниця,40.083507,26.722338,26.51357,25.887265
безтурботний,73.695198,24.008351,25.26096,25.469729
засмучений,22.129436,65.762004,78.705637,48.22547
сеча,34.655532,27.557411,24.843424,27.348643
корисний,74.112735,26.51357,24.217119,23.799582
марна.,23.173278,56.784969,56.784969,43.4238
посуд,35.490605,27.348643,25.469729,30.688935
відпустка,96.868476,22.755741,24.425887,23.382046
піхва,55.323591,24.008351,25.469729,27.348643
валентинка,90.187891,27.974948,36.743215,26.304802
вампір,25.469729,45.720251,34.655532,74.73904
вандал,25.887265,72.651357,51.983299,63.256785
марнославство,39.665971,34.237996,29.853862,29.645094
транспортний засіб,62.421712,34.655532,34.655532,42.588727
отрута,22.964509,46.97286,47.390397,77.035491
жилет,34.655532,25.26096,24.217119,25.26096
жертва,23.173278,64.300626,73.068894,70.563674
перемога,92.275574,26.51357,23.382046,23.382046
енергійний,50.939457,33.402923,28.601253,33.611691
село,44.050104,24.425887,26.096033,26.096033
жорстокий,25.469729,79.54071,66.597077,76.409186
скрипка,62.004175,26.51357,35.073069,23.799582
незаймана,54.697286,28.810021,32.985386,34.864301
чеснота,76.617954,24.634656,26.931106,26.304802
бачення,64.300626,28.392484,27.348643,30.688935
вулкан,27.557411,40.709812,40.501044,66.805846
блювота,22.129436,43.006263,45.093946,49.895616
мандрівка,59.707724,24.425887,26.304802,37.36952
вагон,39.665971,24.843424,25.469729,27.557411
війна,24.008351,76.826722,76.617954,82.463466
тепло,88.308977,26.51357,26.51357,24.425887
оса,24.634656,54.697286,35.281837,66.388309
відходи,24.634656,57.620042,49.478079,37.578288
годинник,41.753653,26.096033,28.810021,29.645094
вода,71.189979,25.052192,25.052192,28.392484
водоспад,84.551148,23.799582,25.052192,33.194154
заможний,83.507307,31.31524,35.490605,31.31524
зброя,26.51357,65.970772,55.532359,83.08977
втомлений,24.008351,35.908142,56.993737,41.962422
весілля,94.154489,22.964509,32.776618,39.248434
свист,62.63048,29.645094,26.722338,29.018789
білий,53.444676,23.799582,26.304802,23.799582
шльондра,25.469729,58.037578,60.125261,39.457203
нечестивий,27.139875,60.542797,47.599165,69.102296
дружина,87.473904,31.941545,31.31524,33.194154
виграти,91.231733,28.183716,27.557411,28.183716
вітряк,45.302714,25.678497,27.139875,26.304802
вікно,46.555324,24.425887,28.183716,25.887265
вино,77.244259,30.271399,38.413361,29.436326
підморгнути,72.651357,25.26096,23.590814,23.799582
мудрий,71.816284,25.469729,25.26096,23.590814
бажання,85.386221,27.348643,34.237996,30.06263
дотепність,73.695198,30.06263,24.425887,24.634656
жінка,74.321503,35.908142,37.995825,36.743215
дивуватися,67.223382,25.26096,28.810021,33.402923
світ,61.169102,33.402923,38.204593,36.743215
рани,25.469729,51.565762,62.839248,59.08142
письменник,55.323591,34.446764,40.709812,32.985386
яхта,74.73904,25.469729,24.008351,28.392484
жовтий,58.455115,26.304802,26.51357,26.304802
молодий,77.661795,35.281837,36.743215,39.039666
молодь,86.638831,35.908142,37.578288,32.776618
родзинка,57.202505,26.096033,24.217119,24.425887
